translations_from,translations_to,article_count
ady,tr,1
af,ca,2
af,ckb,1
af,en,11
af,fr,1
af,kn,1
af,nl,3
af,nso,1
af,ro,1
af,ru,1
af,sv,1
af,tr,1
af,uk,1
ak,en,1
am,ast,1
am,en,6
am,om,6
am,pt,1
am,so,1
am,sv,1
am,ti,1
an,en,1
an,es,3
an,ro,1
ar,am,1
ar,ary,10
ar,arz,8
ar,be,1
ar,bg,4
ar,bm,1
ar,bn,12
ar,bs,2
ar,ckb,58
ar,cs,2
ar,de,11
ar,dv,1
ar,en,372
ar,es,10
ar,fa,31
ar,fr,37
ar,gl,1
ar,ha,4
ar,he,10
ar,hr,1
ar,hyw,1
ar,id,3
ar,it,3
ar,iu,5
ar,ja,1
ar,jv,1
ar,kab,3
ar,kcg,1
ar,ko,2
ar,ku,5
ar,ml,1
ar,ms,9
ar,nl,2
ar,nqo,2
ar,om,6
ar,pnb,1
ar,ps,1
ar,pt,3
ar,qu,1
ar,ru,10
ar,sco,1
ar,simple,1
ar,sk,2
ar,so,4
ar,sv,2
ar,sw,4
ar,te,1
ar,th,2
ar,ti,1
ar,tr,10
ar,ts,1
ar,ug,1
ar,ur,7
ar,uz,34
ar,zh,8
arc,he,1
arc,ur,1
ary,ar,2
ary,en,1
ary,es,1
ary,fa,1
ary,fr,2
ary,ja,4
arz,ar,7
arz,cs,1
arz,en,5
arz,es,2
arz,fa,1
arz,he,1
arz,it,1
arz,nds,1
as,bn,1
as,en,8
as,hi,1
ast,ar,1
ast,en,6
ast,es,3
ast,eu,1
ast,gl,1
ast,nl,1
ast,ru,1
avk,en,1
az,av,1
az,ba,18
az,ce,1
az,chr,1
az,da,1
az,de,2
az,en,76
az,es,1
az,fa,7
az,fr,1
az,hy,3
az,id,1
az,ik,1
az,it,1
az,ja,2
az,ka,11
az,kk,1
az,mn,1
az,nl,1
az,nov,1
az,oc,1
az,os,1
az,pl,3
az,pnt,1
az,pt,1
az,ru,33
az,rue,1
az,te,1
az,th,1
az,tr,59
az,uz,7
az,vep,1
az,xal,1
az,zh,1
azb,en,1
azb,th,1
azb,ur,1
ba,crh-latn,1
ba,en,1
ba,hy,1
ba,ja,1
ba,kk,2
ba,ru,11
ba,tg,1
ba,tt,41
ba,uk,2
ba,ur,1
ban,en,1
bar,en,1
bar,la,1
bcl,en,6
bcl,tl,2
bcl,tpi,1
be,ba,1
be,be-tarask,4
be,co,1
be,cs,1
be,de,1
be,en,9
be,eo,1
be,et,1
be,fr,1
be,gl,1
be,mdf,1
be,olo,1
be,pl,12
be,pt,1
be,ru,91
be,rue,1
be,simple,1
be,sw,1
be,tt,1
be,uk,17
be,zh,1
bg,av,1
bg,az,2
bg,be,2
bg,cs,2
bg,de,3
bg,el,6
bg,en,63
bg,fr,7
bg,gl,1
bg,he,1
bg,hi,2
bg,it,3
bg,mk,4
bg,mzn,1
bg,pl,2
bg,ro,1
bg,ru,5
bg,sr,51
bg,tr,2
bg,uk,4
bg,zh,1
bn,am,1
bn,ar,4
bn,as,8
bn,bho,1
bn,en,123
bn,fa,2
bn,fr,1
bn,hi,6
bn,kn,2
bn,ne,1
bn,oc,1
bn,pa,1
bn,sa,2
bn,simple,2
bn,ur,3
bn,zu,1
br,en,1
br,es,1
br,fr,1
br,gl,1
bs,bn,1
bs,ca,1
bs,cs,1
bs,de,2
bs,en,17
bs,es,1
bs,hr,2
bs,it,1
bs,ja,1
bs,mk,1
bs,sl,1
bs,sr,20
bs,sv,1
bs,uk,1
bs,ur,1
bxr,mn,1
ca,af,1
ca,an,1
ca,ar,3
ca,ast,2
ca,bn,1
ca,co,1
ca,de,4
ca,el,6
ca,en,48
ca,eo,1
ca,es,95
ca,eu,5
ca,fa,2
ca,fi,2
ca,fr,12
ca,gl,6
ca,hu,1
ca,ko,1
ca,ku,1
ca,lij,1
ca,ms,1
ca,nl,17
ca,nn,1
ca,oc,4
ca,pl,2
ca,pt,3
ca,ro,1
ca,ru,1
ca,sc,1
ca,simple,7
ca,tr,12
ca,vec,1
ca,vi,1
ce,en,1
ce,ja,1
ceb,af,1
ceb,an,1
ceb,ang,1
ceb,ar,2
ceb,ast,1
ceb,br,1
ceb,ca,1
ceb,de,9
ceb,en,32
ceb,es,25
ceb,fa,15
ceb,fr,5
ceb,he,4
ceb,id,1
ceb,it,3
ceb,ja,1
ceb,ka,1
ceb,nl,2
ceb,pnb,1
ceb,pt,2
ceb,ru,5
ceb,sh,1
ceb,sk,1
ceb,sv,1
ceb,uk,7
ceb,zh,3
ckb,ar,19
ckb,azb,1
ckb,de,1
ckb,en,14
ckb,fa,8
ckb,fr,1
ckb,ku,3
ckb,mzn,1
ckb,sn,1
ckb,ur,3
co,en,1
co,fr,2
co,frr,1
co,it,2
crh-latn,fr,1
cs,ar,1
cs,bg,1
cs,ca,2
cs,de,29
cs,en,155
cs,eo,3
cs,es,6
cs,eu,2
cs,fr,6
cs,gl,1
cs,he,2
cs,hr,1
cs,hu,5
cs,id,1
cs,ja,6
cs,ka,1
cs,ko,9
cs,lt,1
cs,lv,1
cs,nb,1
cs,nl,1
cs,pdc,1
cs,pl,14
cs,pt,1
cs,ru,13
cs,rue,1
cs,sah,1
cs,sh,2
cs,simple,3
cs,sk,104
cs,sl,1
cs,sq,1
cs,sr,4
cs,tr,2
cs,uk,17
cs,uz,1
cs,vi,1
cs,zh,1
csb,jbo,1
cu,en,1
cv,co,1
cv,ru,3
cv,zh,1
cy,br,1
cy,de,1
cy,en,11
cy,es,1
cy,ga,7
cy,hr,1
cy,kw,1
cy,sr,1
cy,uk,1
cy,ur,1
da,bs,1
da,cs,1
da,de,6
da,en,40
da,eo,1
da,es,2
da,fa,1
da,fi,2
da,fr,2
da,fy,1
da,hr,2
da,is,2
da,ja,1
da,ka,1
da,nb,1
da,nl,1
da,nn,1
da,sv,25
da,ta,5
da,tl,1
da,uk,2
dag,en,2
de,am,4
de,an,1
de,ang,1
de,ar,17
de,arz,1
de,az,4
de,bar,5
de,be,2
de,bg,10
de,bn,1
de,br,1
de,bs,3
de,ca,95
de,cs,161
de,csb,1
de,da,6
de,el,34
de,en,429
de,eo,21
de,es,111
de,et,3
de,eu,3
de,fa,68
de,fi,4
de,fr,244
de,ga,2
de,gl,1
de,gsw,3
de,haw,1
de,he,15
de,hi,2
de,hr,8
de,hsb,1
de,hu,19
de,hy,3
de,id,6
de,is,2
de,it,60
de,ja,84
de,ka,5
de,kg,1
de,ko,26
de,ksh,1
de,ku,1
de,la,2
de,lb,6
de,lld,2
de,lt,7
de,ltg,1
de,lv,3
de,mk,15
de,ml,1
de,mn,1
de,mt,1
de,nb,14
de,nds,3
de,nds-nl,1
de,nl,69
de,nn,2
de,oc,1
de,pdc,1
de,pfl,1
de,pl,38
de,pt,47
de,rm,3
de,rmy,1
de,ro,39
de,ru,133
de,rue,1
de,sa,1
de,se,1
de,sh,3
de,simple,8
de,sk,5
de,sl,5
de,smn,1
de,sq,5
de,sr,130
de,sv,18
de,sw,1
de,szl,1
de,tg,4
de,th,5
de,tk,2
de,tl,1
de,tr,55
de,ug,1
de,uk,82
de,ur,1
de,uz,38
de,vec,1
de,vi,2
de,yi,1
de,yue,8
de,zh,28
dv,en,1
el,ady,1
el,ar,2
el,az,1
el,bg,2
el,de,11
el,en,141
el,es,3
el,fa,1
el,fr,9
el,he,1
el,hu,3
el,hy,1
el,ig,1
el,it,6
el,ja,7
el,ko,1
el,nb,1
el,nn,1
el,pnt,1
el,pt,1
el,ru,6
el,sq,1
el,sr,8
el,tr,29
el,uk,1
en,ab,6
en,ace,1
en,af,101
en,ak,51
en,am,34
en,an,5
en,ang,10
en,ar,3979
en,arc,2
en,ary,13
en,arz,31
en,as,90
en,ast,9
en,av,3
en,avk,3
en,ay,1
en,az,190
en,azb,2
en,ba,2
en,ban,3
en,bar,3
en,bcl,69
en,be,139
en,be-tarask,4
en,bg,233
en,bho,12
en,bjn,2
en,bm,2
en,bn,1258
en,bo,1
en,br,15
en,bs,212
en,ca,1701
en,cdo,1
en,ce,1
en,ceb,12
en,ch,1
en,chr,2
en,ckb,317
en,co,4
en,cr,2
en,cs,1237
en,csb,1
en,cu,1
en,cv,1
en,cy,74
en,da,120
en,dag,4
en,de,691
en,diq,2
en,dsb,2
en,dv,7
en,dz,2
en,el,874
en,eml,1
en,eo,134
en,es,4640
en,et,70
en,eu,121
en,ext,1
en,fa,4092
en,ff,5
en,fi,131
en,fj,1
en,fo,2
en,fr,3034
en,fy,3
en,ga,91
en,gcr,2
en,gd,3
en,gl,88
en,gn,5
en,gom,5
en,gor,2
en,got,5
en,gsw,2
en,gu,152
en,guw,2
en,gv,1
en,ha,669
en,hak,3
en,haw,29
en,he,2669
en,hi,614
en,hif,1
en,hr,206
en,hsb,1
en,ht,12
en,hu,415
en,hy,130
en,hyw,47
en,ia,8
en,id,1191
en,ie,3
en,ig,1027
en,ilo,3
en,io,2
en,is,26
en,it,1536
en,iu,3
en,ja,2583
en,jam,2
en,jbo,1
en,jv,10
en,ka,243
en,kaa,4
en,kab,10
en,kcg,1
en,kk,71
en,kl,1
en,km,97
en,kn,330
en,ko,1415
en,koi,1
en,ks,15
en,ku,45
en,kv,1
en,kw,11
en,ky,34
en,la,35
en,lad,2
en,lb,5
en,lfn,1
en,lg,46
en,li,1
en,lld,1
en,ln,2
en,lo,10
en,lrc,1
en,lt,94
en,lv,111
en,lzh,4
en,mai,1
en,mg,1
en,mi,7
en,min,1
en,mk,657
en,ml,1332
en,mn,72
en,mni,4
en,mnw,2
en,mr,107
en,ms,407
en,mt,20
en,my,150
en,mzn,5
en,nah,3
en,nan,5
en,nap,1
en,nb,327
en,nds,2
en,ne,75
en,nl,676
en,nn,14
en,nov,1
en,nqo,3
en,nso,8
en,nv,4
en,ny,5
en,oc,10
en,om,10
en,or,37
en,os,5
en,pa,539
en,pag,7
en,pam,1
en,pap,2
en,pcd,1
en,pcm,8
en,pdc,7
en,pi,1
en,pl,905
en,pms,1
en,pnb,9
en,pnt,3
en,ps,14
en,pt,2780
en,qu,20
en,rm,4
en,rmy,1
en,rn,1
en,ro,489
en,ru,1449
en,rue,2
en,rup,4
en,rw,273
en,sa,19
en,sah,1
en,sat,11
en,sc,2
en,scn,2
en,sco,14
en,sd,11
en,se,4
en,sg,1
en,sh,20
en,shi,2
en,shn,3
en,si,138
en,simple,115
en,sk,153
en,skr,1
en,sl,245
en,sm,1
en,smn,5
en,sn,35
en,so,23
en,sq,206
en,sr,2041
en,ss,7
en,st,26
en,stq,2
en,su,5
en,sv,423
en,sw,315
en,ta,253
en,tcy,4
en,te,335
en,tet,1
en,tg,16
en,th,418
en,ti,10
en,tk,12
en,tl,846
en,tn,17
en,to,1
en,tpi,4
en,tr,2504
en,trv,1
en,ts,2
en,tt,6
en,tum,4
en,tw,489
en,ug,3
en,uk,1479
en,ur,291
en,uz,5003
en,ve,4
en,vec,1
en,vi,922
en,vls,1
en,vo,1
en,vro,2
en,war,4
en,wo,1
en,wuu,1
en,xal,1
en,xh,16
en,xmf,2
en,yi,17
en,yo,72
en,yue,48
en,zh,2359
en,zu,40
eo,be-tarask,1
eo,br,1
eo,co,1
eo,cs,1
eo,de,4
eo,en,6
eo,es,6
eo,et,1
eo,eu,2
eo,fa,6
eo,fr,5
eo,gl,1
eo,he,2
eo,id,1
eo,io,1
eo,lt,7
eo,nl,1
eo,os,1
eo,pl,1
eo,pt,2
eo,ru,1
eo,sh,2
eo,te,1
eo,uk,1
eo,vec,1
eo,vo,1
eo,zh,1
es,af,1
es,an,6
es,ang,1
es,ar,26
es,arc,1
es,arz,2
es,ast,34
es,ay,2
es,az,8
es,be,3
es,bg,1
es,bho,1
es,bm,1
es,bn,2
es,ca,341
es,ckb,1
es,co,2
es,crh-latn,1
es,cs,22
es,da,2
es,de,20
es,dsb,1
es,el,12
es,en,632
es,eo,16
es,eu,215
es,ext,3
es,fa,35
es,ff,2
es,fi,3
es,fr,133
es,fy,1
es,ga,8
es,gag,1
es,gan,1
es,gl,94
es,glk,1
es,gn,7
es,guw,1
es,haw,1
es,he,8
es,hi,1
es,hr,2
es,ht,3
es,hu,14
es,hyw,1
es,ia,1
es,id,22
es,ie,1
es,ig,4
es,is,1
es,it,74
es,ja,37
es,kab,1
es,kbd,1
es,kcg,1
es,kk,1
es,ko,7
es,ku,1
es,la,3
es,lad,3
es,li,1
es,lt,3
es,lzh,2
es,mg,1
es,mn,1
es,ms,1
es,nah,1
es,nan,1
es,nb,1
es,nds-nl,1
es,nl,12
es,nqo,2
es,nrm,1
es,nso,1
es,nv,1
es,oc,2
es,pam,1
es,pap,1
es,pdc,1
es,pl,12
es,pnb,1
es,pt,153
es,qu,8
es,rm,1
es,ro,34
es,ru,61
es,rue,1
es,se,1
es,sh,1
es,simple,11
es,sk,1
es,sl,1
es,smn,1
es,sq,1
es,sr,4
es,st,1
es,sv,2
es,tet,1
es,tg,1
es,th,3
es,tk,1
es,tl,3
es,tr,14
es,tt,2
es,udm,1
es,uk,15
es,ur,2
es,uz,7
es,vi,3
es,yue,1
es,zea,1
es,zh,57
et,be,1
et,de,6
et,en,33
et,fi,8
et,fr,1
et,hu,1
et,ja,1
et,ko,1
et,la,1
et,lv,2
et,pl,6
et,pt,1
et,ru,19
et,sv,1
et,uk,1
et,uz,1
et,vro,3
et,yue,1
et,zh,1
eu,ast,1
eu,ca,3
eu,cy,1
eu,de,2
eu,el,1
eu,en,2
eu,es,25
eu,fr,1
eu,ja,1
eu,pt,1
eu,ro,1
eu,sv,1
fa,ang,1
fa,ar,52
fa,az,10
fa,azb,7
fa,bg,1
fa,ckb,39
fa,de,4
fa,dv,1
fa,el,1
fa,en,374
fa,eo,1
fa,es,8
fa,eu,1
fa,fr,6
fa,frp,1
fa,gl,1
fa,glk,6
fa,he,2
fa,hu,1
fa,hy,1
fa,hyw,1
fa,id,1
fa,it,5
fa,ja,3
fa,ka,1
fa,ko,2
fa,ku,6
fa,lrc,1
fa,mzn,16
fa,new,1
fa,pl,3
fa,pnb,1
fa,ps,4
fa,pt,2
fa,ru,7
fa,sd,1
fa,simple,1
fa,skr,1
fa,tg,30
fa,th,2
fa,tk,4
fa,tr,13
fa,uk,1
fa,ur,10
fa,uz,83
fa,wuu,1
fa,zh,2
ff,cs,1
fi,ary,1
fi,ca,2
fi,de,2
fi,en,40
fi,es,1
fi,et,3
fi,fa,5
fi,fr,1
fi,frr,1
fi,ja,3
fi,nl,1
fi,ru,13
fi,smn,19
fi,sv,31
fi,tr,1
fi,uk,2
fi,uz,1
fi,zh,4
fo,en,4
fo,it,1
fr,af,3
fr,am,3
fr,an,1
fr,ang,1
fr,ar,98
fr,ary,5
fr,arz,3
fr,az,1
fr,bar,1
fr,be,3
fr,bg,9
fr,bm,4
fr,br,14
fr,ca,132
fr,ckb,3
fr,co,3
fr,cs,48
fr,da,2
fr,de,56
fr,el,10
fr,en,981
fr,eo,33
fr,es,305
fr,et,2
fr,eu,9
fr,fa,26
fr,ff,8
fr,fo,1
fr,frp,2
fr,ga,1
fr,gl,10
fr,gsw,1
fr,ha,1
fr,haw,2
fr,he,12
fr,hi,2
fr,hr,1
fr,ht,16
fr,hu,7
fr,hy,4
fr,id,11
fr,ig,1
fr,is,4
fr,it,92
fr,ja,110
fr,jv,1
fr,ka,1
fr,kab,14
fr,kk,1
fr,kn,1
fr,ko,23
fr,kw,1
fr,la,2
fr,lb,1
fr,lij,1
fr,lmo,1
fr,ln,6
fr,lv,1
fr,mg,4
fr,mi,1
fr,mk,5
fr,my,1
fr,nb,3
fr,new,1
fr,nl,58
fr,nn,1
fr,nqo,29
fr,nv,1
fr,oc,21
fr,os,1
fr,pap,1
fr,pcd,2
fr,pl,39
fr,ps,2
fr,pt,59
fr,rmy,1
fr,rn,2
fr,ro,18
fr,ru,68
fr,rw,22
fr,sc,1
fr,sco,1
fr,sh,3
fr,shi,1
fr,si,1
fr,simple,11
fr,sk,2
fr,sl,1
fr,sq,2
fr,sr,12
fr,sv,1
fr,ta,1
fr,th,2
fr,tr,24
fr,uk,26
fr,ur,2
fr,uz,6
fr,vec,1
fr,vi,19
fr,wa,1
fr,wo,1
fr,xmf,1
fr,yi,1
fr,yue,3
fr,zh,37
fy,nl,1
ga,en,7
ga,gd,2
ga,it,1
gag,tr,6
gag,ur,1
gan,ar,1
gd,ceb,1
gd,en,1
gd,ga,8
gl,ast,1
gl,ca,4
gl,en,9
gl,es,22
gl,fr,2
gl,pl,1
gl,pt,6
gl,ru,1
gl,sv,1
gl,zu,1
glk,fa,1
glk,ja,1
gn,uz,1
got,ur,1
gu,dz,1
gu,en,4
gu,hi,2
ha,en,14
ha,ff,3
ha,id,1
ha,ig,1
haw,hi,1
he,ar,7
he,cs,2
he,de,3
he,en,158
he,eo,218
he,es,7
he,fa,5
he,fr,7
he,gl,1
he,gu,1
he,hu,2
he,ik,1
he,ja,1
he,lad,1
he,lfn,1
he,ms,1
he,nl,3
he,nov,1
he,pam,1
he,pl,2
he,pt,3
he,ro,1
he,ru,8
he,simple,3
he,sr,6
he,sv,1
he,uk,10
he,vi,1
he,yi,15
he,yue,1
he,zh,2
hi,ang,1
hi,ar,1
hi,as,1
hi,bho,2
hi,bn,3
hi,de,1
hi,en,85
hi,fa,1
hi,fr,2
hi,gom,1
hi,gu,6
hi,id,1
hi,ja,1
hi,kn,2
hi,ko,1
hi,mai,1
hi,mn,1
hi,mni,2
hi,mr,14
hi,nds-nl,1
hi,ne,7
hi,nl,1
hi,or,3
hi,pa,5
hi,pt,1
hi,rmy,1
hi,sa,13
hi,simple,1
hi,so,1
hi,sr,1
hi,ta,2
hi,th,1
hi,ur,8
hi,uz,25
hi,zh,1
hif,en,1
hif,simple,1
hif,uz,1
hr,bs,4
hr,cs,6
hr,cy,1
hr,de,1
hr,el,4
hr,en,41
hr,fr,2
hr,ga,1
hr,hu,1
hr,it,4
hr,ja,1
hr,mk,3
hr,sh,1
hr,sk,1
hr,sl,3
hr,sq,1
hr,sr,280
hsb,cs,1
hsb,gl,1
hsb,ru,1
ht,fr,2
ht,sv,1
ht,tr,1
hu,af,1
hu,ang,1
hu,ca,2
hu,cs,7
hu,da,2
hu,de,15
hu,en,42
hu,eo,1
hu,es,4
hu,fi,1
hu,fr,10
hu,he,29
hu,it,2
hu,ja,2
hu,kk,1
hu,ko,1
hu,la,2
hu,nl,1
hu,pl,4
hu,pt,1
hu,ro,9
hu,ru,5
hu,sh,1
hu,sk,4
hu,sr,54
hu,uk,4
hu,ur,1
hu,vi,1
hy,az,1
hy,de,1
hy,en,55
hy,es,2
hy,fa,29
hy,fr,3
hy,hyw,3
hy,it,2
hy,ja,28
hy,ko,1
hy,ru,32
hy,simple,15
hy,sr,1
hy,tr,2
hy,uk,3
hy,vi,1
hyw,en,2
hyw,hy,1
ia,ur,1
ia,yi,1
id,ar,11
id,ban,2
id,bjn,1
id,bug,3
id,de,2
id,en,198
id,es,3
id,fr,1
id,gl,1
id,gor,2
id,haw,1
id,hi,1
id,ii,1
id,it,1
id,ja,13
id,jv,14
id,kk,1
id,ko,1
id,mad,1
id,min,8
id,ms,25
id,my,1
id,nl,1
id,pt,2
id,ru,1
id,simple,3
id,sk,1
id,sm,1
id,su,25
id,th,3
id,tr,2
id,uz,9
id,vi,2
id,yue,1
id,zh,3
ig,en,12
ig,fa,1
ig,ga,1
ig,ha,3
ig,io,1
io,ie,1
io,ig,1
io,pt,1
is,de,2
is,en,15
is,eo,1
is,fi,1
is,it,1
is,jv,1
is,lt,1
is,nb,4
is,nl,1
is,pl,2
is,uk,3
it,an,1
it,ar,4
it,arz,2
it,az,1
it,bg,5
it,bn,1
it,bs,1
it,ca,31
it,co,2
it,cs,17
it,da,1
it,de,18
it,el,6
it,en,280
it,eo,4
it,es,82
it,eu,1
it,fa,8
it,fi,2
it,fr,165
it,gl,7
it,he,9
it,hi,1
it,hr,2
it,hu,14
it,ia,1
it,id,5
it,ja,28
it,ka,3
it,ko,2
it,krc,1
it,ku,1
it,la,11
it,lij,3
it,lld,1
it,lmo,3
it,lv,1
it,mk,38
it,nl,6
it,oc,1
it,pl,34
it,pms,2
it,pt,34
it,rm,1
it,rmy,1
it,ro,5
it,ru,15
it,sc,15
it,scn,2
it,sh,1
it,si,2
it,simple,3
it,sq,9
it,sr,3
it,ta,1
it,tr,18
it,uk,19
it,vec,10
it,zh,8
ja,af,1
ja,ar,3
ja,az,1
ja,ca,6
ja,cs,16
ja,de,13
ja,en,388
ja,eo,2
ja,es,21
ja,eu,1
ja,fa,3
ja,fr,39
ja,gl,1
ja,gom,1
ja,hak,1
ja,haw,1
ja,he,3
ja,hu,1
ja,id,13
ja,it,16
ja,iu,1
ja,ka,2
ja,ko,44
ja,la,1
ja,lzh,2
ja,ms,5
ja,nb,1
ja,nl,7
ja,oc,1
ja,pdc,1
ja,pl,96
ja,pt,13
ja,ro,2
ja,ru,12
ja,simple,2
ja,sl,2
ja,sq,2
ja,sr,5
ja,sv,2
ja,th,7
ja,tl,1
ja,tr,9
ja,trv,1
ja,tt,1
ja,ug,1
ja,uk,4
ja,uz,3
ja,vi,11
ja,xmf,1
ja,yi,1
ja,yue,11
ja,zh,196
ja,zu,1
jv,en,3
jv,id,4
jv,ja,2
ka,de,4
ka,en,34
ka,es,1
ka,fa,1
ka,fr,2
ka,he,2
ka,ja,6
ka,lv,1
ka,pt,1
ka,ru,14
ka,tr,2
ka,uk,1
kaa,en,1
kaa,kk,1
kaa,ru,2
kaa,uz,4
kab,ar,1
kab,en,1
kbd,ady,3
kcg,hi,1
kg,pt,2
kk,ba,6
kk,pt,1
kk,ru,6
kk,tr,1
kk,tt,2
kk,uz,9
kl,pt,1
km,en,5
km,fr,1
km,th,1
kn,bn,1
kn,en,13
kn,hi,4
kn,sa,2
kn,tcy,1
kn,te,7
ko,ar,2
ko,cs,1
ko,en,110
ko,es,3
ko,fa,3
ko,fr,4
ko,gsw,1
ko,id,2
ko,it,4
ko,ja,104
ko,ka,1
ko,km,2
ko,ky,1
ko,lv,1
ko,my,4
ko,ne,1
ko,nl,1
ko,pl,8
ko,pt,5
ko,simple,1
ko,ta,2
ko,tg,1
ko,tr,1
ko,uk,1
ko,uz,19
ko,vi,1
ko,zh,34
ku,ar,2
ku,ckb,7
ku,da,1
ku,de,4
ku,diq,1
ku,en,8
ku,eo,1
ku,fa,8
ku,tr,5
kw,en,2
ky,ba,1
ky,en,4
ky,fa,1
ky,kk,3
ky,ru,8
ky,simple,1
ky,tg,2
ky,tr,2
la,de,1
la,en,4
la,ko,1
la,sh,2
la,sq,12
lb,cs,2
lb,de,11
lb,en,3
lb,et,1
lb,fr,7
lb,jbo,1
lg,ar,1
lg,en,1
li,nl,1
lmo,it,1
lmo,ru,1
lmo,scn,1
ln,fr,1
ln,kg,1
ln,pt,1
lo,en,3
lo,my,1
lo,zh,1
lt,be,1
lt,de,2
lt,en,37
lt,es,2
lt,et,1
lt,fa,1
lt,nl,1
lt,pl,7
lt,ru,21
lt,ss,1
lt,uk,1
ltg,ur,1
lv,ady,1
lv,cs,2
lv,de,3
lv,el,1
lv,en,32
lv,gl,1
lv,lt,11
lv,nb,1
lv,nl,1
lv,nn,1
lv,pl,3
lv,ru,8
lv,sh,1
lv,tt,1
lzh,zh,1
mai,en,2
mg,ru,1
mi,en,2
min,id,3
mk,bg,3
mk,de,2
mk,el,4
mk,en,32
mk,es,1
mk,fr,2
mk,hr,1
mk,id,1
mk,rup,11
mk,si,1
mk,sq,1
mk,sr,24
mk,tr,3
mk,uk,1
ml,ar,1
ml,bn,1
ml,ca,1
ml,en,30
ml,eo,1
ml,haw,1
ml,hi,2
ml,ja,4
ml,kn,2
ml,ta,3
ml,te,1
ml,zh,1
mn,en,13
mn,kk,1
mn,ko,1
mn,ru,1
mn,zh,1
mni,en,1
mr,af,1
mr,ban,1
mr,ckb,1
mr,en,19
mr,gu,1
mr,or,1
mr,pt,1
mr,ru,1
mr,sa,2
mr,smn,1
mr,ur,1
ms,ang,1
ms,ar,2
ms,be,1
ms,de,2
ms,en,82
ms,et,1
ms,id,27
ms,ilo,1
ms,ja,2
ms,kk,1
ms,ku,1
ms,lez,1
ms,pt,1
ms,ta,3
ms,th,3
ms,trv,1
ms,uz,1
ms,zh,14
mt,en,3
mt,es,1
my,de,1
my,en,13
my,ja,1
my,jv,1
my,km,1
my,ko,2
my,pl,1
my,shn,1
my,zh,1
mzn,ckb,2
mzn,en,1
mzn,fa,8
mzn,haw,1
nah,es,2
nan,simple,1
nap,en,1
nap,it,2
nb,ar,2
nb,da,4
nb,de,1
nb,el,1
nb,en,30
nb,es,1
nb,fr,17
nb,he,5
nb,it,3
nb,nl,2
nb,nn,20
nb,pl,2
nb,ru,1
nb,smn,8
nb,sv,9
nb,th,1
nb,tr,1
nb,zh,1
nds,bar,1
nds,de,1
nds-nl,bar,1
ne,en,22
ne,hi,2
ne,kn,1
ne,or,1
new,hi,1
nl,af,1
nl,ar,1
nl,ary,1
nl,bn,1
nl,bs,1
nl,ca,3
nl,cs,14
nl,de,16
nl,el,1
nl,en,162
nl,eo,3
nl,es,15
nl,fa,4
nl,fr,39
nl,fy,9
nl,gl,1
nl,he,1
nl,id,5
nl,it,9
nl,ja,8
nl,kg,2
nl,ksh,2
nl,lb,1
nl,li,2
nl,nb,1
nl,nds-nl,1
nl,oc,1
nl,pap,3
nl,pdc,1
nl,pl,3
nl,ps,1
nl,pt,7
nl,ru,6
nl,sh,1
nl,smn,1
nl,sq,1
nl,sr,2
nl,tr,4
nl,uk,3
nl,ur,1
nl,uz,1
nn,cs,1
nn,en,4
nn,fr,2
nn,ja,2
nn,nb,8
nn,ru,1
nn,sv,2
no,en,3
no,it,1
no,nl,1
nqo,fa,1
ny,en,1
oc,ca,5
oc,en,1
oc,eu,2
oc,fr,1
oc,gl,1
oc,ja,1
om,am,2
om,en,7
om,gl,1
om,ti,1
or,en,6
or,hi,1
or,pt,1
os,en,1
os,uz,1
pa,en,15
pa,hi,2
pa,pnb,2
pa,ur,1
pcd,en,1
pcm,ig,1
pdc,en,1
pl,ar,2
pl,az,5
pl,ba,1
pl,be,6
pl,bg,1
pl,ca,1
pl,co,1
pl,crh-latn,1
pl,cs,22
pl,csb,1
pl,cy,2
pl,de,9
pl,el,5
pl,en,149
pl,eo,12
pl,es,2
pl,fa,1
pl,fr,17
pl,ga,5
pl,gl,1
pl,he,1
pl,hsb,1
pl,ht,1
pl,hu,1
pl,it,12
pl,ja,18
pl,ka,3
pl,ko,2
pl,ku,1
pl,lt,1
pl,mk,4
pl,nl,1
pl,pt,2
pl,ro,3
pl,ru,28
pl,sh,1
pl,sl,1
pl,sr,10
pl,sv,4
pl,szl,11
pl,tr,67
pl,tt,1
pl,uk,67
pl,ur,1
pl,vi,2
pl,zh,4
pnb,en,1
pnb,ps,1
ps,arz,1
ps,en,3
ps,es,1
ps,fa,3
ps,hi,1
ps,mzn,1
ps,pl,1
ps,ru,1
ps,tg,1
ps,uz,1
ps,zh,1
pt,ace,2
pt,an,1
pt,ar,6
pt,ary,2
pt,arz,1
pt,as,1
pt,ast,1
pt,atj,1
pt,az,2
pt,ban,1
pt,bho,1
pt,bn,2
pt,ca,12
pt,ceb,1
pt,co,1
pt,cs,3
pt,da,1
pt,de,13
pt,el,1
pt,en,445
pt,eo,5
pt,es,108
pt,eu,2
pt,ext,1
pt,fa,2
pt,fi,1
pt,fr,43
pt,fy,1
pt,gl,19
pt,gn,1
pt,gu,1
pt,haw,2
pt,he,3
pt,hi,1
pt,hr,3
pt,hu,1
pt,id,17
pt,io,2
pt,is,1
pt,it,16
pt,ja,5
pt,kl,1
pt,ko,9
pt,kw,1
pt,la,2
pt,li,1
pt,lij,1
pt,mi,2
pt,mt,1
pt,mwl,2
pt,my,1
pt,nb,1
pt,ne,1
pt,new,2
pt,nl,2
pt,nn,1
pt,nqo,1
pt,oc,1
pt,pa,1
pt,pdc,1
pt,pl,1
pt,ro,3
pt,ru,4
pt,sco,1
pt,sd,1
pt,sh,3
pt,simple,1
pt,srn,1
pt,sv,1
pt,th,2
pt,tl,1
pt,tr,151
pt,uk,2
pt,uz,2
pt,vec,2
pt,vi,2
pt,vo,3
pt,zh,3
pt,zu,1
pwn,en,1
qu,en,2
qu,es,1
qu,uk,1
rm,en,1
ro,az,1
ro,bg,1
ro,br,1
ro,ca,1
ro,cs,1
ro,da,1
ro,de,2
ro,el,1
ro,en,92
ro,es,11
ro,fr,4
ro,hi,2
ro,hu,1
ro,it,8
ro,ja,1
ro,ml,1
ro,nb,2
ro,oc,1
ro,or,2
ro,pl,2
ro,ru,2
ro,simple,1
ro,sk,1
ro,sr,8
ro,tr,2
ro,uk,2
ro,vo,1
ru,af,1
ru,ar,6
ru,av,1
ru,az,67
ru,ba,165
ru,be,270
ru,be-tarask,1
ru,bg,26
ru,bho,1
ru,ca,11
ru,co,2
ru,cs,91
ru,cu,2
ru,cv,4
ru,de,17
ru,el,14
ru,en,306
ru,eo,4
ru,es,32
ru,et,8
ru,eu,1
ru,fa,18
ru,fi,4
ru,fr,53
ru,gl,3
ru,he,21
ru,hi,1
ru,hr,2
ru,hu,1
ru,hy,86
ru,id,4
ru,ik,1
ru,it,23
ru,ja,80
ru,ka,32
ru,kaa,7
ru,kk,318
ru,ko,57
ru,ky,40
ru,la,1
ru,lad,1
ru,lez,2
ru,lt,8
ru,lv,16
ru,mdf,1
ru,mk,4
ru,mn,14
ru,mrj,1
ru,myv,1
ru,nb,1
ru,ne,3
ru,nl,3
ru,oc,1
ru,os,3
ru,pl,18
ru,pt,12
ru,rmy,1
ru,ro,10
ru,rue,1
ru,sah,2
ru,sh,1
ru,simple,4
ru,sq,1
ru,sr,222
ru,sv,9
ru,tg,85
ru,tk,2
ru,tr,25
ru,tt,68
ru,tyv,2
ru,udm,1
ru,uk,762
ru,uz,2336
ru,vep,2
ru,vi,3
ru,xal,3
ru,zh,11
rue,co,1
rue,ru,1
rue,uk,7
rue,ur,1
rw,en,11
rw,fr,6
sa,ja,1
sa,te,1
sah,en,1
sah,ru,3
sah,uk,1
sat,ur,1
sco,en,3
sco,pt,1
sd,en,1
se,smn,2
sgs,en,1
sh,bs,3
sh,cs,1
sh,en,2
sh,fr,1
sh,hr,1
sh,pl,3
sh,sr,141
shn,en,2
shn,my,1
si,en,11
simple,af,1
simple,am,1
simple,ar,3
simple,ary,2
simple,awa,1
simple,bn,1
simple,ca,5
simple,chr,1
simple,ckb,8
simple,da,1
simple,de,5
simple,dz,1
simple,en,15
simple,eo,2
simple,es,3
simple,et,1
simple,eu,1
simple,fa,4
simple,fj,1
simple,fr,7
simple,gu,1
simple,guw,2
simple,ha,1
simple,hi,2
simple,hif,1
simple,hyw,1
simple,id,1
simple,ie,1
simple,ig,1
simple,is,1
simple,it,3
simple,ja,14
simple,jv,1
simple,ko,1
simple,kw,1
simple,la,1
simple,lij,2
simple,lt,8
simple,my,3
simple,nap,1
simple,nb,1
simple,nl,2
simple,pa,1
simple,pap,1
simple,pcm,1
simple,pl,4
simple,pnb,1
simple,pt,3
simple,ro,2
simple,ru,6
simple,rue,1
simple,sat,2
simple,sco,1
simple,sk,1
simple,sq,3
simple,sr,1
simple,sv,1
simple,sw,7
simple,ta,2
simple,te,2
simple,th,4
simple,tpi,1
simple,tr,7
simple,ur,2
simple,uz,2
simple,vi,1
simple,yo,2
simple,yue,1
simple,zh,2
sk,cs,52
sk,de,2
sk,en,25
sk,es,2
sk,fr,1
sk,gl,1
sk,hu,11
sk,pl,3
sk,ru,2
sk,rue,1
sk,sh,1
sk,sr,12
sk,sv,1
sk,uk,2
sl,ca,1
sl,chr,1
sl,cs,6
sl,de,11
sl,en,44
sl,fr,3
sl,he,1
sl,ja,8
sl,mk,1
sl,pl,3
sl,ro,2
sl,ru,1
sl,sh,4
sl,sr,29
smn,en,2
smn,se,1
sn,en,2
so,am,1
so,ar,1
so,de,1
so,en,8
so,om,2
so,pt,1
so,ti,1
so,tr,1
so,uz,2
sq,ca,1
sq,de,5
sq,el,1
sq,en,41
sq,eo,1
sq,fr,1
sq,it,9
sq,la,4
sq,sl,1
sq,sr,36
sq,tr,1
sq,uk,1
sq,zh,1
sr,bg,1
sr,bs,2
sr,ca,1
sr,cs,4
sr,de,5
sr,el,19
sr,en,65
sr,es,2
sr,fr,8
sr,gl,1
sr,he,1
sr,hr,15
sr,it,3
sr,ja,2
sr,ko,1
sr,ky,1
sr,mk,45
sr,pt,1
sr,ro,1
sr,ru,5
sr,rup,1
sr,sh,5
sr,simple,2
sr,sl,1
sr,sq,1
sr,tr,2
sr,uk,2
sr,vi,1
sr,wuu,1
ss,ak,1
st,as,1
st,en,5
st,es,1
st,ha,1
st,ur,1
su,fr,1
su,id,1
su,it,1
su,ru,1
sv,ar,10
sv,bg,1
sv,bn,1
sv,ca,2
sv,cs,5
sv,da,3
sv,de,6
sv,el,1
sv,en,67
sv,es,3
sv,fa,6
sv,fi,7
sv,fr,4
sv,gl,1
sv,haw,1
sv,he,2
sv,hr,1
sv,id,1
sv,it,1
sv,ja,6
sv,ka,1
sv,lt,2
sv,lv,2
sv,nb,10
sv,nl,2
sv,nn,1
sv,pl,3
sv,pt,1
sv,ro,1
sv,ru,11
sv,sh,1
sv,simple,1
sv,smn,7
sv,sq,1
sv,sr,1
sv,tr,3
sv,uk,1
sv,yue,1
sw,bn,1
sw,ca,1
sw,de,1
sw,en,20
sw,es,2
sw,fr,2
sw,hi,1
sw,pl,1
sw,tr,1
szl,csb,1
szl,gl,1
szl,oc,1
szl,tt,1
szl,uk,2
ta,ar,7
ta,chr,1
ta,da,4
ta,de,1
ta,en,58
ta,fr,1
ta,hi,2
ta,ja,3
ta,ko,2
ta,ml,4
ta,si,2
ta,te,2
ta,tr,1
ta,yue,2
ta,zh,1
tcy,en,1
te,bn,1
te,ckb,1
te,en,27
te,es,1
te,hi,2
te,ja,1
te,kn,2
te,ko,1
te,mr,1
te,ta,1
tg,en,7
tg,es,1
tg,fa,44
tg,ky,1
tg,os,1
tg,ru,12
tg,uz,18
th,en,61
th,es,1
th,fa,2
th,fr,1
th,ia,1
th,it,2
th,ja,1
th,km,2
th,ko,1
th,lo,2
th,mnw,3
th,my,2
th,ru,1
th,sv,1
th,tr,2
th,vi,2
th,yue,2
th,zh,6
ti,ja,1
ti,ur,1
tk,az,1
tk,en,1
tk,tr,1
tk,uz,1
tl,am,1
tl,ast,1
tl,bcl,1
tl,en,14
tl,id,1
tl,pag,1
tl,scn,1
tl,uk,1
tn,en,3
to,en,2
tr,ar,28
tr,arz,4
tr,az,46
tr,ba,1
tr,bar,1
tr,bn,1
tr,bs,2
tr,bxr,1
tr,ckb,1
tr,cs,13
tr,cy,1
tr,da,1
tr,de,28
tr,diq,2
tr,el,4
tr,en,395
tr,eo,2
tr,es,10
tr,ext,1
tr,fa,21
tr,fi,1
tr,fr,17
tr,gag,2
tr,he,1
tr,hy,4
tr,id,4
tr,it,23
tr,ja,7
tr,ka,15
tr,kk,3
tr,ko,3
tr,ku,33
tr,ky,2
tr,lb,1
tr,li,1
tr,mn,1
tr,nb,1
tr,nl,1
tr,nn,1
tr,pdc,2
tr,pl,1
tr,pt,7
tr,rmy,1
tr,ro,2
tr,ru,8
tr,rup,1
tr,sh,4
tr,so,1
tr,sq,3
tr,sr,6
tr,sv,1
tr,sw,1
tr,tk,13
tr,tt,2
tr,ug,2
tr,uk,1
tr,ur,2
tr,uz,416
tr,zh,2
tr,zu,1
trv,zh,2
tt,ba,26
tt,en,1
tt,kcg,2
tt,ne,1
tt,ru,4
tt,sah,1
tt,uk,1
tt,ur,1
tw,en,1
tw,ny,1
ty,cy,1
tyv,ky,1
ug,ar,1
ug,tr,1
ug,zh,1
uk,ar,3
uk,arz,1
uk,az,1
uk,be,63
uk,be-tarask,1
uk,bg,2
uk,ca,4
uk,co,3
uk,crh-latn,2
uk,cs,10
uk,csb,2
uk,de,6
uk,el,5
uk,en,134
uk,es,14
uk,et,1
uk,fi,1
uk,fr,12
uk,gl,1
uk,he,2
uk,hr,1
uk,hu,1
uk,hy,4
uk,id,1
uk,it,10
uk,ja,3
uk,ka,2
uk,ko,10
uk,lv,1
uk,mwl,1
uk,nl,1
uk,pdc,1
uk,pl,39
uk,pt,5
uk,ro,2
uk,ru,68
uk,rue,9
uk,sah,3
uk,sco,1
uk,simple,2
uk,sk,2
uk,sl,2
uk,smn,1
uk,sr,41
uk,sv,1
uk,szl,1
uk,tg,2
uk,th,2
uk,tk,1
uk,tr,1
uk,tt,1
uk,uz,5
uk,zh,3
ur,ar,3
ur,bn,4
ur,ckb,1
ur,de,1
ur,en,39
ur,gu,1
ur,hi,2
ur,ja,2
ur,kk,1
ur,ks,2
ur,pnb,1
ur,ps,2
ur,sd,7
ur,simple,1
ur,skr,11
ur,uz,12
uz,az,1
uz,de,1
uz,en,69
uz,hu,1
uz,kaa,28
uz,kk,4
uz,ky,6
uz,mt,1
uz,ru,37
uz,tg,3
uz,tk,1
uz,tr,9
uz,zh,1
vec,it,1
vep,ig,1
vi,ak,1
vi,ang,3
vi,ar,1
vi,arz,3
vi,as,2
vi,be-tarask,4
vi,ca,2
vi,chr,2
vi,cs,3
vi,da,1
vi,de,1
vi,dty,1
vi,eml,1
vi,en,83
vi,fr,6
vi,gl,1
vi,hak,2
vi,he,1
vi,hi,2
vi,ht,1
vi,ia,2
vi,id,7
vi,iu,2
vi,ja,1
vi,jbo,1
vi,ko,7
vi,lfn,1
vi,mg,1
vi,mn,2
vi,nan,2
vi,om,1
vi,pap,2
vi,pcd,1
vi,pdc,1
vi,pl,1
vi,pt,1
vi,ro,1
vi,ru,2
vi,rue,1
vi,sh,2
vi,simple,11
vi,so,1
vi,sr,1
vi,ta,1
vi,ti,1
vi,uz,42
vi,vls,1
vi,vo,1
vi,wa,2
vi,wo,9
vi,wuu,5
vi,yue,4
vi,zh,4
vls,nl,2
vo,fr,1
vo,rue,1
war,az,2
war,en,3
war,fr,3
war,hi,1
war,su,1
war,zh,1
wuu,zh,2
xh,en,1
xmf,ur,1
yi,en,1
yi,he,4
yi,pt,1
yi,tr,2
yo,en,2
yo,id,1
yo,ig,1
yo,mhr,1
yue,en,2
yue,zh,13
zh,ar,5
zh,ary,1
zh,az,1
zh,bho,1
zh,cdo,1
zh,ceb,1
zh,cs,2
zh,de,2
zh,en,226
zh,es,6
zh,fa,1
zh,fr,4
zh,ga,1
zh,gan,2
zh,hak,3
zh,he,2
zh,id,3
zh,it,3
zh,ja,102
zh,kk,1
zh,ko,26
zh,la,1
zh,lzh,11
zh,ms,2
zh,nan,11
zh,pl,2
zh,pt,3
zh,ru,4
zh,shn,1
zh,simple,2
zh,so,1
zh,sq,1
zh,sr,7
zh,th,9
zh,tr,3
zh,uk,3
zh,uz,33
zh,vi,46
zh,wuu,3
zh,yue,28
zu,as,1
zu,en,3
ab,id,1
ace,bn,1
ace,id,1
ace,nov,1
ace,tn,1
ady,kbd,1
af,am,1
af,ar,1
af,ast,2
af,ca,3
af,ceb,2
af,da,1
af,de,3
af,en,43
af,eo,6
af,es,4
af,fi,1
af,fr,5
af,gl,4
af,haw,3
af,he,2
af,hu,6
af,km,7
af,nds-nl,2
af,nl,21
af,nso,9
af,pa,1
af,pt,1
af,ro,2
af,ru,7
af,si,1
af,st,2
af,tn,1
af,tr,3
af,tt,1
af,uk,4
af,uz,1
af,xh,3
af,zu,2
ak,en,6
ak,hif,1
ak,tw,1
am,ar,1
am,en,1
am,es,1
am,fr,2
am,hu,1
am,ja,1
am,my,1
am,om,95
am,ti,4
am,ur,1
an,ca,57
an,co,1
an,en,1
an,es,314
an,eu,1
an,gl,10
an,pt,1
ang,en,2
ang,gl,1
ang,zh,1
ar,af,4
ar,am,4
ar,an,1
ar,ang,1
ar,arc,1
ar,ary,67
ar,arz,701
ar,as,1
ar,ast,5
ar,az,12
ar,azb,3
ar,ba,1
ar,bg,1
ar,bn,129
ar,bo,9
ar,bs,2
ar,ca,13
ar,ceb,21
ar,chr,1
ar,ckb,655
ar,co,2
ar,cr,21
ar,cs,5
ar,cy,3
ar,da,5
ar,de,23
ar,dv,6
ar,dz,5
ar,ee,4
ar,el,10
ar,en,702
ar,eo,8
ar,es,72
ar,eu,2
ar,fa,257
ar,ff,1
ar,fi,3
ar,fj,3
ar,fo,1
ar,fr,550
ar,frr,1
ar,gan,2
ar,gl,13
ar,gsw,1
ar,ha,4
ar,he,76
ar,hi,6
ar,hr,2
ar,hsb,1
ar,ht,6
ar,hu,3
ar,hy,2
ar,hyw,4
ar,id,14
ar,is,3
ar,it,15
ar,iu,149
ar,ja,27
ar,kab,32
ar,km,2
ar,ko,6
ar,ku,18
ar,la,2
ar,ln,2
ar,lv,1
ar,ml,11
ar,mr,1
ar,ms,7
ar,mt,18
ar,my,1
ar,mzn,2
ar,nb,4
ar,nl,4
ar,nqo,12
ar,oc,1
ar,om,23
ar,ps,2
ar,pt,13
ar,ro,6
ar,ru,22
ar,rue,1
ar,sa,1
ar,sat,1
ar,sc,1
ar,scn,1
ar,sco,1
ar,sd,2
ar,sh,1
ar,shi,5
ar,si,2
ar,simple,10
ar,skr,1
ar,sn,1
ar,so,76
ar,sq,8
ar,sr,2
ar,st,4
ar,su,7
ar,sv,14
ar,sw,6
ar,szl,1
ar,ta,7
ar,tg,1
ar,th,21
ar,tr,63
ar,ug,4
ar,uk,7
ar,ur,206
ar,uz,69
ar,wo,5
ar,xh,2
ar,yi,6
ar,yo,1
ar,zh,6
ar,zu,2
arc,he,1
ary,an,1
ary,ar,14
ary,ban,1
ary,ca,1
ary,cbk-zam,1
ary,ckb,1
ary,es,2
ary,fr,7
ary,ig,1
ary,it,2
ary,iu,1
ary,ja,1
ary,ta,1
arz,ar,113
arz,ckb,1
arz,cr,1
arz,en,3
arz,fa,3
arz,fr,2
arz,mzn,1
arz,ru,2
arz,simple,1
arz,uk,1
arz,ur,2
as,bn,11
as,en,8
as,hi,9
as,ne,1
as,ta,1
ast,an,2
ast,ary,1
ast,ca,6
ast,en,3
ast,eo,3
ast,es,94
ast,eu,1
ast,ext,7
ast,fa,1
ast,fr,1
ast,gl,57
ast,he,2
ast,it,1
ast,ja,1
ast,mk,1
ast,nn,3
ast,oc,1
ast,pt,5
ast,sv,1
ast,zh,2
av,ab,1
av,ar,1
av,az,1
av,ba,1
av,ce,1
av,fr,1
av,lbe,1
av,lez,1
av,os,1
av,ru,3
awa,hi,1
az,af,1
az,am,1
az,ang,1
az,ar,19
az,arz,1
az,azb,67
az,ba,6
az,be,5
az,bg,6
az,bn,1
az,bs,2
az,ca,4
az,ceb,3
az,co,1
az,cs,2
az,cv,1
az,cy,2
az,de,5
az,diq,1
az,el,1
az,en,104
az,eo,3
az,es,20
az,et,1
az,eu,2
az,fa,31
az,fi,1
az,fr,12
az,ga,1
az,gag,8
az,gd,1
az,gl,6
az,gu,1
az,haw,1
az,he,13
az,hi,1
az,ht,1
az,hu,3
az,hy,9
az,it,5
az,ja,2
az,ka,61
az,kk,1
az,km,1
az,ko,2
az,ku,1
az,ky,4
az,lo,1
az,lt,2
az,mg,1
az,mi,1
az,mk,1
az,ml,1
az,mn,1
az,mr,1
az,ms,1
az,my,2
az,mzn,1
az,nb,3
az,nl,3
az,or,1
az,pa,1
az,pl,4
az,ps,1
az,pt,7
az,ro,1
az,ru,231
az,rw,1
az,sd,1
az,simple,2
az,sk,2
az,sm,1
az,so,1
az,sq,3
az,sr,2
az,su,1
az,sw,1
az,ta,1
az,tg,4
az,tk,2
az,tl,1
az,tr,479
az,tt,3
az,ug,4
az,uk,22
az,ur,7
az,uz,37
az,xh,1
az,yue,2
az,zh,1
azb,ar,1
azb,az,4
azb,en,2
azb,fa,8
azb,tk,1
azb,tr,6
ba,be,1
ba,crh-latn,1
ba,el,4
ba,en,1
ba,fa,1
ba,gl,2
ba,it,1
ba,ky,2
ba,mk,1
ba,myv,1
ba,ru,44
ba,sh,1
ba,tr,1
ba,tt,2205
ba,uk,11
ban,el,1
ban,id,2
bar,ar,1
bar,arz,1
bar,ca,1
bar,de,2
bar,en,2
bar,it,1
bcl,en,7
bcl,tl,14
be,af,1
be,be-tarask,136
be,bg,6
be,bs,1
be,ce,1
be,cs,3
be,de,1
be,el,2
be,en,23
be,eo,2
be,es,5
be,fr,2
be,gl,1
be,he,11
be,hi,1
be,hu,1
be,hy,9
be,it,4
be,ja,1
be,ka,1
be,lt,1
be,min,1
be,mk,1
be,ms,1
be,nb,1
be,new,1
be,nl,2
be,oc,2
be,pl,36
be,pt,1
be,ru,1306
be,rue,1
be,sh,1
be,simple,3
be,sr,1
be,sv,1
be,tr,6
be,tt,3
be,uk,1025
be,ur,4
be,uz,4
be,zh,2
be-tarask,be,5
be-tarask,bn,1
be-tarask,es,1
be-tarask,ru,2
be-tarask,sk,3
be-tarask,uk,4
be-x-old,be,2
bg,ar,1
bg,az,5
bg,ba,5
bg,be,10
bg,ca,3
bg,cs,61
bg,cu,1
bg,da,4
bg,de,9
bg,el,67
bg,en,168
bg,eo,4
bg,es,38
bg,fr,25
bg,gl,2
bg,he,1
bg,hr,2
bg,hu,21
bg,hy,3
bg,it,10
bg,ja,9
bg,ky,1
bg,lv,2
bg,mg,1
bg,mk,138
bg,nb,2
bg,nl,4
bg,nn,1
bg,oc,1
bg,os,2
bg,pl,10
bg,pt,1
bg,ro,42
bg,ru,176
bg,sah,1
bg,sl,1
bg,sq,10
bg,sr,22
bg,sv,3
bg,tg,3
bg,tr,52
bg,tt,2
bg,uk,373
bg,ur,7
bho,gu,3
bho,hi,1
bn,am,1
bn,ar,16
bn,arz,1
bn,as,35
bn,bho,1
bn,bpy,6
bn,bug,1
bn,ca,1
bn,ceb,1
bn,da,1
bn,de,1
bn,el,1
bn,en,324
bn,eo,1
bn,es,2
bn,fr,6
bn,gl,1
bn,gu,8
bn,hi,52
bn,hif,1
bn,it,2
bn,ko,1
bn,mn,1
bn,mr,4
bn,ms,1
bn,ne,4
bn,or,2
bn,pa,6
bn,pt,1
bn,ru,1
bn,sa,2
bn,sat,3
bn,si,1
bn,simple,12
bn,su,1
bn,ta,6
bn,te,2
bn,tr,1
bn,ur,29
bn,wuu,1
bo,ar,2
bpy,gu,1
br,ca,1
br,cy,1
br,en,3
br,fr,8
br,gl,2
br,ka,1
br,kw,1
br,mt,1
br,oc,1
br,yue,1
bs,am,1
bs,ar,6
bs,ba,11
bs,bg,2
bs,cr,1
bs,cs,4
bs,de,5
bs,diq,1
bs,el,1
bs,en,73
bs,eo,1
bs,es,3
bs,fa,1
bs,fr,4
bs,hi,1
bs,hr,39
bs,ilo,1
bs,it,8
bs,ja,1
bs,lt,1
bs,lzh,1
bs,mk,2
bs,ms,1
bs,pl,1
bs,pt,1
bs,ro,2
bs,ru,1
bs,sh,51
bs,simple,1
bs,sk,1
bs,sl,11
bs,sq,111
bs,sr,152
bs,te,1
bs,tr,6
bs,uk,24
bs,ur,16
bs,zh,1
bug,ace,1
bug,glk,1
bug,haw,1
bug,id,2
bug,pwn,1
bxr,mn,1
ca,ace,1
ca,af,1
ca,an,18
ca,ar,9
ca,ast,12
ca,az,2
ca,ba,14
ca,bm,1
ca,bs,1
ca,cs,14
ca,cy,3
ca,da,1
ca,dag,1
ca,de,23
ca,diq,6
ca,el,14
ca,en,247
ca,eo,41
ca,es,7846
ca,eu,638
ca,ext,3
ca,fa,5
ca,fi,3
ca,fr,590
ca,fy,1
ca,gl,1089
ca,gn,1
ca,gu,1
ca,ha,3
ca,haw,1
ca,he,13
ca,hi,1
ca,hr,2
ca,id,1
ca,io,1
ca,is,1
ca,it,82
ca,ja,21
ca,ko,2
ca,kw,1
ca,la,19
ca,lfn,1
ca,lij,2
ca,lt,1
ca,lv,1
ca,mg,11
ca,mk,1
ca,ms,2
ca,mt,1
ca,my,1
ca,nb,1
ca,nl,19
ca,oc,742
ca,pa,1
ca,pl,2
ca,pnt,1
ca,pt,155
ca,ro,13
ca,ru,77
ca,sc,61
ca,scn,1
ca,sco,2
ca,sh,1
ca,si,1
ca,simple,12
ca,sl,3
ca,smn,1
ca,sq,17
ca,sr,3
ca,sv,4
ca,sw,1
ca,th,1
ca,tr,40
ca,uk,23
ca,ur,1
ca,uz,1
ca,vi,1
ca,yue,1
ca,zh,1
ca,zu,1
cdo,hak,1
cdo,lzh,1
ce,ar,1
ce,el,4
ce,fr,1
ce,gl,1
ce,ja,1
ce,ki,1
ce,nl,1
ce,oc,1
ce,ru,1
ce,sl,1
ce,uk,1
ceb,af,13
ceb,am,1
ceb,arz,1
ceb,ast,5
ceb,ca,4
ceb,ckb,1
ceb,cs,1
ceb,cv,1
ceb,cy,1
ceb,de,1
ceb,el,7
ceb,en,17
ceb,eo,1
ceb,es,555
ceb,eu,1
ceb,fa,6
ceb,fr,16
ceb,ga,2
ceb,gl,279
ceb,he,7
ceb,hu,3
ceb,id,6
ceb,it,4
ceb,ja,4
ceb,ka,1
ceb,ku,1
ceb,lo,1
ceb,mg,65
ceb,ml,32
ceb,nb,1
ceb,pl,1
ceb,pnb,1
ceb,pnt,1
ceb,pt,4
ceb,ro,1
ceb,ru,5
ceb,sq,69
ceb,sw,1
ceb,ta,1
ceb,tg,2
ceb,th,1
ceb,tr,138
ceb,tt,1
ceb,uk,28
ceb,vi,1
ceb,vo,1
ceb,war,1
ceb,zh,2
ch,es,1
chr,fr,1
chr,gl,1
chr,ti,1
ckb,ar,28
ckb,arz,2
ckb,dv,1
ckb,en,24
ckb,fa,21
ckb,fr,1
ckb,it,1
ckb,ja,1
ckb,ku,35
ckb,nso,1
ckb,ps,1
ckb,simple,2
ckb,sv,1
ckb,tk,1
ckb,ur,1
ckb,zh,4
co,br,1
co,ca,1
co,es,1
co,fr,7
co,gl,2
co,it,4
co,scn,1
cr,bn,1
cr,gl,1
cr,ja,1
crh,gl,1
crh-latn,az,4
crh-latn,ba,2
crh-latn,co,1
crh-latn,el,1
crh-latn,tr,2
crh-latn,uk,1
cs,ar,3
cs,arz,1
cs,bar,11
cs,be,4
cs,be-tarask,1
cs,bg,10
cs,bs,2
cs,ca,19
cs,da,1
cs,de,51
cs,el,6
cs,en,221
cs,eo,27
cs,es,36
cs,et,1
cs,eu,12
cs,fi,4
cs,fj,2
cs,fr,206
cs,gl,4
cs,he,2
cs,hr,6
cs,hsb,1
cs,hu,13
cs,id,1
cs,it,16
cs,ja,10
cs,ka,1
cs,ko,3
cs,ku,1
cs,la,4
cs,lt,1
cs,lv,1
cs,nb,1
cs,nl,5
cs,oc,4
cs,pl,32
cs,pt,11
cs,ro,36
cs,ru,93
cs,sh,1
cs,simple,1
cs,sk,643
cs,sl,1
cs,sq,11
cs,sr,29
cs,sv,2
cs,szl,3
cs,tl,1
cs,tr,3
cs,uk,214
cs,vi,5
cs,vo,1
cs,yue,1
cs,zh,7
csb,gl,1
cu,gl,1
cv,gl,1
cv,ru,3
cv,tt,2
cv,uk,3
cy,ak,1
cy,ang,1
cy,ar,2
cy,ay,1
cy,az,1
cy,br,1
cy,bs,4
cy,ca,3
cy,cs,2
cy,el,1
cy,en,66
cy,es,3
cy,fr,3
cy,ga,67
cy,gl,20
cy,ja,3
cy,kw,7
cy,mg,1
cy,ms,1
cy,pt,1
cy,tr,6
cy,uk,1
cy,yo,1
da,ang,1
da,ar,3
da,be,3
da,bg,3
da,ca,22
da,ckb,1
da,cs,27
da,de,33
da,el,2
da,en,176
da,eo,8
da,es,35
da,fa,6
da,fi,7
da,fo,3
da,fr,61
da,gl,8
da,he,2
da,hr,1
da,hu,1
da,is,11
da,it,11
da,ja,10
da,jv,1
da,ka,1
da,lt,1
da,ltg,1
da,lv,1
da,mnw,6
da,nb,682
da,nds-nl,2
da,nl,29
da,nn,185
da,no,1
da,pap,1
da,pdc,1
da,pl,6
da,pt,7
da,ro,7
da,ru,6
da,sh,1
da,sk,1
da,sq,3
da,sr,1
da,sv,112
da,tr,11
da,uk,15
da,vi,1
da,zh,2
dag,gl,1
dag,ig,1
de,ace,1
de,af,174
de,ak,2
de,am,1
de,an,1
de,ang,2
de,ar,665
de,ary,4
de,arz,19
de,as,1
de,ast,6
de,az,28
de,azb,1
de,ba,5
de,bar,412
de,be,21
de,be-tarask,1
de,bg,178
de,bho,1
de,bn,24
de,br,63
de,bs,18
de,ca,479
de,ckb,6
de,cs,1454
de,cy,1
de,da,94
de,diq,14
de,dsb,1
de,el,489
de,en,2404
de,eo,247
de,es,2109
de,et,41
de,eu,96
de,fa,293
de,ff,1
de,fi,65
de,fr,7317
de,ga,1
de,gd,1
de,gl,165
de,got,2
de,gsw,51
de,gu,1
de,ha,8
de,he,224
de,hi,8
de,hr,126
de,hsb,20
de,ht,1
de,hu,332
de,hy,11
de,ia,1
de,id,49
de,ie,1
de,ig,3
de,ik,1
de,is,4
de,it,1839
de,ja,472
de,jbo,3
de,ka,7
de,kab,1
de,km,1
de,ko,45
de,ksh,2
de,ku,177
de,la,95
de,lb,80
de,lij,1
de,lld,74
de,lmo,1
de,lo,3
de,lt,37
de,lv,24
de,mg,4
de,mi,1
de,min,1
de,mk,236
de,ml,2
de,mn,2
de,ms,7
de,mt,1
de,my,1
de,myv,2
de,na,1
de,nb,210
de,nds,22
de,nds-nl,3
de,nl,2002
de,nn,15
de,no,2
de,ny,2
de,oc,3
de,or,5
de,pdc,1
de,pfl,2
de,pl,346
de,ps,1
de,pt,367
de,rm,10
de,ro,594
de,ru,848
de,rw,1
de,sc,3
de,sco,1
de,sd,1
de,sh,10
de,si,2
de,simple,56
de,sk,26
de,sl,93
de,sm,1
de,smn,1
de,sn,1
de,so,2
de,sq,160
de,sr,84
de,st,2
de,su,2
de,sv,154
de,sw,36
de,szl,2
de,ta,2
de,te,1
de,tg,19
de,th,15
de,ti,1
de,tk,5
de,tl,26
de,tr,1470
de,tt,22
de,udm,2
de,ug,1
de,uk,1191
de,ur,4
de,uz,77
de,vi,100
de,vo,1
de,xh,1
de,yi,1
de,yue,32
de,zh,333
de,zu,1
din,cr,2
diq,de,1
diq,tr,1
dsb,cs,1
dsb,hsb,3
dty,gl,1
dty,gu,1
dv,simple,2
el,ar,3
el,az,1
el,bg,6
el,bn,1
el,ca,6
el,ceb,27
el,cs,10
el,cy,1
el,da,1
el,de,13
el,en,354
el,es,127
el,et,1
el,eu,5
el,fa,1
el,fr,43
el,gl,4
el,he,5
el,hy,1
el,is,1
el,it,53
el,ja,10
el,kk,3
el,la,4
el,lv,2
el,mg,396
el,mhr,3
el,mi,1
el,mk,6
el,nl,2
el,pnt,4
el,pt,5
el,ro,22
el,ru,25
el,sh,2
el,sq,15
el,sr,9
el,sv,1
el,tr,37
el,tt,1
el,uk,82
el,ur,2
el,zh,1
eml,it,2
eml,lmo,3
en,ab,10
en,ace,4
en,ady,2
en,af,2992
en,ak,809
en,am,127
en,ami,1
en,an,14
en,ang,23
en,ar,65153
en,arc,2
en,ary,129
en,arz,2240
en,as,520
en,ast,56
en,atj,3
en,av,3
en,awa,1
en,ay,10
en,az,1541
en,azb,136
en,ba,46
en,bar,78
en,bcl,1570
en,be,1170
en,be-tarask,22
en,bg,2345
en,bho,150
en,bi,2
en,bjn,2
en,bm,1
en,bn,30763
en,bo,12
en,bpy,3
en,br,189
en,bs,1556
en,bug,4
en,bxr,13
en,ca,21575
en,cbk-zam,1
en,cdo,4
en,ce,1
en,ceb,849
en,ch,2
en,chr,9
en,chy,2
en,ckb,2332
en,co,14
en,cr,5
en,crh-latn,1
en,cs,7443
en,cu,2
en,cv,1
en,cy,3129
en,da,3289
en,dag,15
en,de,6286
en,din,5
en,diq,201
en,dsb,3
en,dty,10
en,dv,19
en,dz,3
en,ee,14
en,el,24949
en,eml,1
en,eo,2224
en,es,94214
en,et,1049
en,eu,3845
en,ext,3
en,fa,45247
en,ff,2
en,fi,2077
en,fil,1
en,fj,9
en,fo,18
en,fr,78894
en,frp,3
en,frr,1
en,fur,4
en,fy,27
en,ga,2049
en,gag,1
en,gan,1
en,gd,74
en,gl,9247
en,glk,27
en,gn,37
en,gom,75
en,gor,5
en,got,28
en,gsw,8
en,gu,1978
en,guw,1
en,gv,1
en,ha,15472
en,hak,2
en,haw,28
en,he,29368
en,hi,7125
en,hif,20
en,hr,1613
en,hsb,2
en,ht,111
en,hu,3180
en,hy,1418
en,hyw,26
en,ia,21
en,id,13414
en,ie,22
en,ig,13929
en,ik,3
en,ilo,3
en,inh,1
en,io,31
en,is,303
en,it,25835
en,iu,39
en,ja,21601
en,jam,29
en,jbo,13
en,jv,6719
en,ka,2158
en,kaa,5
en,kab,48
en,kbd,1
en,kcg,1
en,kg,5
en,ki,1
en,kk,229
en,kl,3
en,km,947
en,kn,4487
en,ko,7970
en,ks,215
en,ksh,9
en,ku,988
en,kv,3
en,kw,737
en,ky,162
en,la,368
en,lad,8
en,lb,15
en,lbe,1
en,lez,1
en,lfn,10
en,lg,627
en,li,3
en,lij,11
en,lld,1
en,lmo,18
en,ln,43
en,lo,232
en,lrc,3
en,lt,622
en,lv,1054
en,lzh,16
en,mai,26
en,map-bms,2
en,mdf,2
en,mg,178
en,mhr,1
en,mi,22
en,min,68
en,mk,14388
en,ml,10203
en,mn,219
en,mni,102
en,mnw,148
en,mr,2559
en,mrj,3
en,ms,12750
en,mt,283
en,my,1779
en,myv,6
en,mzn,31
en,na,2
en,nah,22
en,nan,26
en,nap,5
en,nb,5947
en,nds,3
en,nds-nl,4
en,ne,1190
en,new,15
en,nia,1
en,nl,6211
en,nn,399
en,no,14
en,nov,7
en,nqo,8
en,nso,15
en,nv,3
en,ny,64
en,oc,97
en,olo,1
en,om,81
en,or,2514
en,os,12
en,pa,14481
en,pag,8
en,pam,4
en,pap,9
en,pcd,1
en,pcm,5
en,pdc,8
en,pfl,3
en,pi,2
en,pih,8
en,pl,3689
en,pms,3
en,pnb,21
en,pnt,2
en,ps,335
en,pt,44230
en,qu,348
en,rmy,4
en,rn,3
en,ro,11940
en,ru,22238
en,rup,2
en,rw,1521
en,sa,50
en,sah,11
en,sat,71
en,sc,42
en,scn,2
en,sco,584
en,sd,226
en,se,11
en,sgs,8
en,sh,146
en,shi,13
en,shn,4
en,si,740
en,simple,1007
en,sk,609
en,skr,10
en,sl,2733
en,sm,11
en,smn,3
en,sn,81
en,so,166
en,sq,6236
en,sr,6618
en,srn,2
en,ss,115
en,st,38
en,stq,1
en,su,108
en,sv,3308
en,sw,1890
en,szl,3
en,ta,26451
en,tcy,23
en,te,5236
en,tet,12
en,tg,517
en,th,4264
en,ti,23
en,tk,62
en,tl,9147
en,tn,133
en,to,3
en,tpi,3
en,tr,50764
en,ts,202
en,tt,56
en,tum,56
en,tw,275
en,tyv,3
en,udm,1
en,ug,48
en,uk,26366
en,ur,16082
en,uz,40813
en,ve,6
en,vec,9
en,vi,43987
en,vls,3
en,vo,11
en,wa,2
en,war,66
en,wo,14
en,wuu,29
en,xal,1
en,xh,84
en,xmf,7
en,yi,168
en,yo,1395
en,yue,377
en,za,2
en,zea,4
en,zh,28486
en,zh-tw,11
en,zu,1423
eo,af,1
eo,ar,1
eo,ast,1
eo,az,2
eo,be,1
eo,bg,2
eo,bs,6
eo,ca,31
eo,ceb,5
eo,ckb,1
eo,co,1
eo,cs,28
eo,cv,4
eo,cy,2
eo,da,2
eo,de,9
eo,el,4
eo,en,54
eo,es,39
eo,et,2
eo,eu,11
eo,fa,18
eo,fi,1
eo,fr,49
eo,fur,1
eo,fy,3
eo,ga,2
eo,gd,2
eo,gl,5
eo,he,8
eo,hr,4
eo,ht,1
eo,hu,9
eo,hyw,1
eo,id,1
eo,io,7
eo,it,57
eo,ja,8
eo,jv,2
eo,ku,3
eo,ky,4
eo,la,7
eo,lfn,1
eo,lij,1
eo,lt,22
eo,lv,1
eo,mg,4
eo,mk,1
eo,ml,5
eo,ms,2
eo,mt,1
eo,my,4
eo,nb,34
eo,new,1
eo,nl,4
eo,oc,2
eo,os,1
eo,pl,5
eo,pt,24
eo,ro,12
eo,ru,20
eo,sc,1
eo,sk,6
eo,sl,1
eo,sq,4
eo,sr,3
eo,sv,1
eo,sw,4
eo,tg,4
eo,th,4
eo,tl,5
eo,tr,2
eo,tt,1
eo,ug,1
eo,uk,25
eo,ur,10
eo,vi,2
eo,wuu,1
eo,zh,4
es,ace,2
es,ady,3
es,af,44
es,ak,2
es,am,3
es,an,127
es,ang,2
es,ar,250
es,ary,3
es,arz,35
es,ast,5539
es,atj,1
es,av,3
es,awa,1
es,ay,9
es,az,35
es,ba,25
es,bar,1
es,bcl,2
es,be,24
es,bg,28
es,bho,1
es,bn,423
es,bpy,1
es,bs,13
es,bug,2
es,ca,32051
es,cbk-zam,1
es,ceb,10
es,chr,7
es,chy,2
es,co,27
es,cr,1
es,cs,108
es,cu,1
es,cy,15
es,da,47
es,de,230
es,din,1
es,diq,40
es,el,175
es,eml,1
es,en,3095
es,eo,369
es,es,1
es,et,43
es,eu,8364
es,ext,54
es,fa,194
es,ff,1
es,fi,35
es,fo,4
es,fr,3300
es,frp,2
es,frr,1
es,fur,1
es,fy,37
es,ga,89
es,gag,1
es,gan,4
es,gd,6
es,gl,8921
es,glk,1
es,gn,51
es,gsw,8
es,gu,1
es,gv,1
es,ha,5
es,haw,39
es,he,70
es,hi,27
es,hif,1
es,hr,26
es,ht,13
es,hu,18
es,hy,8
es,ia,8
es,id,74
es,ie,1
es,ig,3
es,ik,1
es,io,2
es,is,10
es,it,1340
es,ja,213
es,jam,1
es,jv,8
es,ka,25
es,kab,1
es,kbp,1
es,kg,2
es,kk,11
es,kl,1
es,km,9
es,ko,37
es,ku,13
es,ky,2
es,la,32
es,lad,5
es,lb,4
es,lfn,3
es,lg,1
es,li,2
es,lij,3
es,lt,8
es,ltg,1
es,lv,8
es,lzh,2
es,mai,1
es,mg,12
es,mhr,1
es,mi,13
es,mk,18
es,ml,2
es,mn,3
es,mnw,1
es,mr,7
es,mrj,1
es,ms,13
es,mt,34
es,mwl,10
es,my,10
es,mzn,1
es,nah,33
es,nap,6
es,nb,13
es,ne,11
es,new,1
es,nl,91
es,nn,1
es,no,1
es,nqo,1
es,ny,9
es,oc,91
es,pa,9
es,pam,1
es,pap,4
es,pdc,1
es,pfl,1
es,pl,49
es,pms,1
es,pnb,2
es,ps,5
es,pt,4327
es,pwn,1
es,qu,46
es,rm,1
es,rmy,1
es,rn,1
es,ro,584
es,ru,328
es,rue,4
es,rw,2
es,sah,9
es,sc,12
es,scn,2
es,sco,5
es,sd,3
es,se,1
es,sg,1
es,sh,1
es,si,2
es,simple,137
es,sk,42
es,sl,17
es,sm,2
es,sn,5
es,so,5
es,sq,13
es,sr,37
es,st,2
es,sv,43
es,sw,3
es,szl,1
es,ta,7
es,tcy,1
es,te,1
es,tg,6
es,th,3
es,tk,2
es,tl,31
es,to,1
es,tr,184
es,tt,5
es,tum,2
es,tw,1
es,tyv,1
es,udm,1
es,ug,12
es,uk,392
es,ur,21
es,uz,22
es,vec,4
es,vi,20
es,vo,1
es,vro,2
es,wo,1
es,wuu,3
es,xh,8
es,xmf,2
es,yi,3
es,yo,3
es,yue,4
es,zea,2
es,zh,95
es,zu,8
et,am,1
et,ar,5
et,be,2
et,bn,2
et,cs,1
et,da,1
et,de,7
et,ee,1
et,el,3
et,en,142
et,eo,5
et,es,9
et,eu,2
et,fi,48
et,fr,8
et,gl,46
et,he,3
et,hu,3
et,ja,4
et,ka,2
et,lt,4
et,lv,7
et,mt,1
et,nb,2
et,pt,3
et,ro,4
et,ru,77
et,smn,1
et,sq,1
et,sv,8
et,tg,2
et,tr,6
et,tt,1
et,uk,82
et,vi,3
et,vro,201
et,zh,4
eu,ast,1
eu,be,1
eu,bn,1
eu,ca,140
eu,cs,4
eu,cy,17
eu,da,1
eu,de,2
eu,en,18
eu,eo,2
eu,es,449
eu,fr,89
eu,gl,129
eu,hu,1
eu,it,2
eu,mg,1
eu,nl,2
eu,pt,6
eu,tr,2
ext,ast,2
ext,ca,2
ext,es,8
ext,gl,8
fa,af,3
fa,am,1
fa,ar,205
fa,arz,11
fa,az,31
fa,azb,285
fa,bn,6
fa,bs,1
fa,ca,4
fa,ckb,410
fa,cs,1
fa,cy,1
fa,da,4
fa,de,29
fa,dv,2
fa,el,4
fa,en,826
fa,eo,6
fa,es,23
fa,fi,2
fa,fr,71
fa,gl,3
fa,glk,23
fa,ha,3
fa,haw,1
fa,he,12
fa,hi,8
fa,hr,1
fa,hu,1
fa,hy,6
fa,id,5
fa,ig,1
fa,is,4
fa,it,13
fa,ja,31
fa,jv,2
fa,ka,4
fa,ko,8
fa,ku,59
fa,ky,3
fa,la,2
fa,lrc,1
fa,mk,1
fa,mni,1
fa,mr,2
fa,ms,2
fa,my,58
fa,mzn,162
fa,nb,6
fa,nl,3
fa,os,1
fa,pa,3
fa,pl,2
fa,pnb,1
fa,ps,417
fa,pt,9
fa,rmy,1
fa,rn,1
fa,ro,4
fa,ru,14
fa,simple,7
fa,skr,1
fa,sr,8
fa,sv,7
fa,tet,1
fa,tg,203
fa,th,74
fa,tk,7
fa,tr,54
fa,tt,2
fa,ug,1
fa,uk,42
fa,ur,334
fa,uz,123
fa,vi,1
fa,zh,7
fi,af,1
fi,ar,2
fi,be,2
fi,bg,4
fi,bs,1
fi,ca,11
fi,ceb,2
fi,chr,1
fi,cs,12
fi,da,3
fi,de,8
fi,din,1
fi,el,5
fi,en,248
fi,eo,18
fi,es,28
fi,et,49
fi,eu,1
fi,fa,2
fi,fr,49
fi,gl,13
fi,gu,2
fi,he,8
fi,hu,5
fi,it,11
fi,ja,17
fi,ko,1
fi,lad,1
fi,lt,2
fi,lv,1
fi,mhr,1
fi,mk,1
fi,ms,2
fi,nan,1
fi,nb,3
fi,new,1
fi,nl,4
fi,nn,14
fi,pl,6
fi,pt,12
fi,rmy,1
fi,ro,11
fi,ru,113
fi,se,20
fi,sk,1
fi,sl,1
fi,smn,18
fi,sq,3
fi,sv,318
fi,th,17
fi,tl,1
fi,tr,168
fi,udm,4
fi,uk,49
fi,vi,1
fi,vro,2
fi,wuu,1
fi,yue,1
fi,zh,17
fo,da,4
fo,en,1
fo,gl,1
fo,nn,10
fo,sv,1
fo,uk,2
fr,ab,2
fr,ace,2
fr,ady,1
fr,af,32
fr,ak,3
fr,am,7
fr,an,3
fr,ar,2793
fr,ary,38
fr,arz,31
fr,as,1
fr,ast,5
fr,avk,3
fr,ay,1
fr,az,10
fr,ba,2
fr,ban,1
fr,bar,10
fr,be,24
fr,bg,55
fr,bho,1
fr,bi,1
fr,bjn,1
fr,bm,1
fr,bn,8
fr,br,119
fr,bs,1
fr,bxr,1
fr,ca,5898
fr,ce,1
fr,ceb,22
fr,ch,2
fr,ckb,1
fr,co,45
fr,cr,1
fr,crh-latn,3
fr,cs,599
fr,cv,1
fr,cy,14
fr,da,24
fr,de,524
fr,diq,106
fr,dty,2
fr,ee,2
fr,el,289
fr,eml,2
fr,en,3176
fr,eo,417
fr,es,5610
fr,et,10
fr,eu,463
fr,fa,175
fr,ff,16
fr,fi,34
fr,fj,1
fr,fr,1
fr,frp,18
fr,frr,1
fr,fur,2
fr,fy,3
fr,ga,29
fr,gag,2
fr,gan,1
fr,gcr,1
fr,gd,10
fr,gl,461
fr,gn,2
fr,gom,1
fr,gor,1
fr,gsw,8
fr,gu,7
fr,ha,21
fr,haw,78
fr,he,158
fr,hi,8
fr,hif,3
fr,hr,12
fr,ht,465
fr,hu,43
fr,hy,11
fr,hyw,5
fr,ia,2
fr,id,41
fr,ie,1
fr,ig,5
fr,ilo,1
fr,io,11
fr,is,7
fr,it,2222
fr,ja,376
fr,jam,2
fr,ka,9
fr,kaa,1
fr,kab,103
fr,kg,8
fr,ki,2
fr,kl,3
fr,km,12
fr,kn,1
fr,ko,59
fr,koi,1
fr,ksh,2
fr,ku,2
fr,kw,3
fr,ky,5
fr,la,102
fr,lad,5
fr,lb,15
fr,lbe,1
fr,lez,3
fr,lg,2
fr,li,2
fr,lij,6
fr,lld,1
fr,lmo,4
fr,ln,9
fr,lo,13
fr,lrc,1
fr,lt,9
fr,ltg,2
fr,lv,4
fr,lzh,4
fr,mad,1
fr,mg,18
fr,mhr,1
fr,mi,6
fr,min,1
fr,mk,97
fr,ml,6
fr,mn,2
fr,mr,1
fr,mrj,6
fr,ms,11
fr,mt,5
fr,my,10
fr,na,2
fr,nah,1
fr,nap,6
fr,nb,28
fr,nds,1
fr,nds-nl,6
fr,ne,2
fr,new,1
fr,nia,1
fr,nl,727
fr,nn,14
fr,nov,1
fr,nqo,377
fr,nso,2
fr,nv,1
fr,ny,5
fr,oc,1661
fr,olo,1
fr,om,1
fr,or,3
fr,os,1
fr,pa,2
fr,pap,1
fr,pcd,12
fr,pdc,4
fr,pfl,3
fr,pih,1
fr,pl,84
fr,pms,4
fr,pnt,1
fr,ps,1
fr,pt,1562
fr,rm,2
fr,rmy,3
fr,rn,3
fr,ro,557
fr,roa-tara,2
fr,ru,473
fr,rue,2
fr,rup,1
fr,rw,9
fr,sah,1
fr,sc,1
fr,scn,3
fr,sco,2
fr,sd,1
fr,sgs,2
fr,sh,3
fr,shi,4
fr,si,6
fr,simple,57
fr,sk,21
fr,sl,8
fr,sm,7
fr,smn,2
fr,sn,5
fr,so,3
fr,sq,81
fr,sr,24
fr,srn,2
fr,ss,1
fr,st,3
fr,stq,6
fr,su,4
fr,sv,78
fr,sw,35
fr,szl,2
fr,ta,3
fr,te,3
fr,tet,2
fr,tg,4
fr,th,8
fr,tk,2
fr,tl,6
fr,tn,1
fr,tpi,1
fr,tr,194
fr,trv,1
fr,tt,2
fr,tum,1
fr,tw,1
fr,ty,3
fr,ug,2
fr,uk,426
fr,ur,5
fr,uz,11
fr,vi,131
fr,vls,3
fr,vo,3
fr,vro,2
fr,wa,8
fr,war,2
fr,wo,33
fr,wuu,1
fr,xal,1
fr,xh,5
fr,xmf,1
fr,yi,5
fr,yo,4
fr,yue,3
fr,za,1
fr,zea,2
fr,zh,274
fr,zu,3
frp,ca,1
frp,fr,1
frp,gl,2
frr,fa,1
frr,nl,2
frr,pfl,1
fur,eo,1
fur,it,3
fur,simple,1
fy,bn,1
fy,en,2
fy,eo,1
fy,es,2
fy,fa,1
fy,fr,1
fy,gl,5
fy,hi,1
fy,it,1
fy,nds-nl,5
fy,nl,19
fy,pt,1
fy,ru,1
fy,stq,1
fy,tr,6
fy,zh,1
ga,cy,3
ga,de,1
ga,en,10
ga,eo,2
ga,es,1
ga,eu,2
ga,fr,8
ga,gd,9
ga,gl,13
ga,he,1
ga,ka,1
ga,kw,1
ga,nan,1
ga,nl,1
ga,simple,1
gag,be,1
gag,tr,2
gag,uk,1
gan,lzh,1
gan,vi,1
gan,yue,1
gan,zh,13
gd,en,19
gd,es,1
gd,fr,33
gd,ga,98
gd,gl,2
gd,ja,1
gd,uz,3
gl,af,1
gl,an,2
gl,ar,2
gl,ast,19
gl,ay,1
gl,be,1
gl,bg,1
gl,bn,1
gl,bxr,1
gl,ca,138
gl,chr,90
gl,cy,1
gl,de,3
gl,diq,1
gl,en,18
gl,eo,7
gl,es,1807
gl,eu,56
gl,fi,2
gl,fr,116
gl,ga,1
gl,gn,23
gl,he,1
gl,hi,1
gl,it,8
gl,nah,14
gl,oc,1
gl,pt,244
gl,qu,9
gl,ru,1
gl,simple,7
gl,tr,1
glk,ckb,1
glk,fa,3
glk,fr,1
gn,es,17
gn,gl,1
gn,ms,1
gom,hi,1
gor,gl,1
got,de,2
got,ru,1
gsw,bar,1
gu,af,1
gu,en,115
gu,hi,30
gu,jv,1
gu,mr,6
gu,or,1
gu,pi,1
gu,ur,5
gv,sco,1
gv,xh,1
ha,bn,1
ha,en,6
ha,ff,3
ha,fr,2
ha,ig,6
ha,lg,1
ha,rw,77
ha,uk,1
ha,yo,1
hak,nan,1
hak,trv,1
hak,zh,2
haw,ace,1
haw,en,1
haw,fi,1
haw,fr,1
haw,ja,1
haw,ko,1
haw,la,1
haw,mi,1
haw,mzn,1
haw,pa,1
haw,pcd,1
haw,ru,1
haw,st,1
haw,tr,1
haw,uk,1
he,alt,1
he,am,1
he,ar,122
he,arc,1
he,arz,2
he,ast,3
he,az,1
he,bs,1
he,ca,4
he,cs,15
he,de,5
he,el,49
he,en,520
he,eo,786
he,es,47
he,fa,8
he,fr,46
he,gag,1
he,gl,6
he,gu,3
he,hak,1
he,hi,1
he,hr,2
he,hu,3
he,id,1
he,it,10
he,ja,3
he,jv,1
he,kbd,1
he,km,2
he,ku,1
he,la,1
he,lad,1
he,lt,1
he,mk,1
he,ml,1
he,mni,1
he,mt,1
he,ne,1
he,nl,5
he,pl,1
he,ps,1
he,pt,10
he,ro,16
he,ru,265
he,shi,1
he,simple,6
he,sr,4
he,sv,2
he,ti,1
he,tl,1
he,tr,4
he,uk,36
he,ur,3
he,uz,4
he,yi,267
he,zh,4
hi,af,1
hi,ar,5
hi,as,25
hi,awa,4
hi,az,1
hi,bho,45
hi,bn,41
hi,de,2
hi,dty,4
hi,el,1
hi,en,120
hi,eo,2
hi,es,5
hi,fi,1
hi,fr,1
hi,gl,1
hi,gu,376
hi,hif,4
hi,hu,1
hi,id,3
hi,it,2
hi,ja,4
hi,kn,56
hi,ko,5
hi,ks,1
hi,la,1
hi,mai,18
hi,mg,1
hi,ml,10
hi,mr,149
hi,ne,231
hi,new,3
hi,nl,2
hi,or,8
hi,pa,456
hi,pt,2
hi,ro,1
hi,sa,30
hi,sat,31
hi,sco,1
hi,sh,1
hi,simple,12
hi,ta,12
hi,te,6
hi,th,3
hi,ur,234
hi,uz,56
hi,vi,2
hi,zh,5
hif,hi,2
hif,jv,1
hif,my,1
hif,vi,1
hr,az,1
hr,be,2
hr,bg,2
hr,bs,76
hr,ca,2
hr,cs,77
hr,cy,1
hr,de,8
hr,el,1
hr,en,75
hr,eo,3
hr,es,8
hr,eu,1
hr,fa,2
hr,fi,1
hr,fr,12
hr,gl,3
hr,he,1
hr,hu,5
hr,it,29
hr,ja,1
hr,km,1
hr,la,2
hr,lt,1
hr,lv,1
hr,mk,158
hr,nl,2
hr,oc,1
hr,pl,2
hr,pt,3
hr,ro,5
hr,ru,13
hr,sh,113
hr,simple,1
hr,sk,5
hr,sl,20
hr,sq,42
hr,sr,310
hr,sw,1
hr,tr,2
hr,uk,37
hr,vi,2
hr,xh,1
hsb,be,1
hsb,de,3
hsb,dsb,20
hsb,eo,3
hsb,gl,1
hsb,mk,1
hsb,pl,1
ht,ca,1
ht,es,4
ht,fr,23
ht,gl,1
ht,oc,1
ht,pt,1
ht,th,1
hu,ar,2
hu,ba,1
hu,bg,1
hu,bn,1
hu,bs,1
hu,ca,12
hu,cs,50
hu,da,1
hu,de,28
hu,el,2
hu,en,191
hu,eo,6
hu,es,27
hu,et,2
hu,eu,26
hu,fa,1
hu,fi,8
hu,fr,46
hu,gl,5
hu,ha,1
hu,haw,3
hu,he,1579
hu,hr,1
hu,it,14
hu,ja,7
hu,la,4
hu,mk,1
hu,nah,1
hu,nl,5
hu,oc,1
hu,pl,2
hu,pt,2
hu,ro,242
hu,ru,22
hu,sh,1
hu,simple,1
hu,sk,58
hu,sl,2
hu,sq,16
hu,sr,6
hu,sv,5
hu,tg,1
hu,tr,9
hu,uk,22
hu,vi,1
hu,zh,1
hy,ar,7
hy,az,12
hy,ba,4
hy,be,1
hy,bg,1
hy,ca,1
hy,cs,1
hy,de,3
hy,el,2
hy,en,88
hy,eo,2
hy,es,3
hy,fa,6
hy,fr,19
hy,gl,3
hy,hu,1
hy,hyw,15
hy,it,2
hy,ja,3
hy,ka,3
hy,lt,1
hy,nl,2
hy,pl,9
hy,pt,1
hy,ru,270
hy,sco,1
hy,si,1
hy,simple,3
hy,sr,1
hy,sv,1
hy,tr,20
hy,uk,18
hy,ur,3
hy,zh,2
hyw,en,1
hyw,hy,9
hyw,it,1
hyw,ur,1
ia,ca,1
ia,es,1
ia,la,1
ia,pt,2
id,ace,27
id,af,2
id,ar,36
id,ban,16
id,be,1
id,bjn,417
id,bn,3
id,bs,1
id,bug,4
id,ca,7
id,ceb,10
id,da,2
id,de,2
id,el,2
id,en,1258
id,eo,5
id,es,24
id,et,1
id,fa,1
id,fi,1
id,fr,29
id,gl,1
id,gn,7
id,gor,62
id,he,2
id,hi,4
id,hr,1
id,id,1
id,ie,1
id,it,5
id,ja,27
id,jbo,1
id,jv,1044
id,km,1
id,ko,5
id,lt,1
id,map-bms,3
id,min,737
id,ms,686
id,mt,2
id,nan,1
id,nb,1
id,nl,6
id,ps,1
id,pt,13
id,ro,1
id,ru,22
id,sc,1
id,simple,6
id,sk,2
id,sq,1
id,su,376
id,sv,1
id,ta,2
id,tet,8
id,th,2
id,tl,12
id,tr,9
id,tt,1
id,uk,5
id,uz,13
id,vi,12
id,war,1
id,zh,10
ie,en,1
ie,eo,1
ie,ht,1
ie,th,1
ig,azb,1
ig,en,10
ig,ga,1
ig,ha,16
ig,hy,2
ig,ka,2
ig,km,1
ig,nl,2
ig,ps,1
ig,so,1
ig,tk,2
inh,gl,1
inh,ru,1
io,en,1
io,eo,1
is,af,3
is,be,1
is,ca,1
is,cs,1
is,da,5
is,de,4
is,el,2
is,en,48
is,eo,1
is,es,3
is,fa,3
is,fi,1
is,fr,4
is,gl,2
is,hu,2
is,it,1
is,ja,2
is,jv,3
is,kl,1
is,lt,1
is,nb,6
is,nl,3
is,nn,1
is,pl,3
is,pt,1
is,ru,3
is,simple,1
is,sk,1
is,sv,5
is,tr,1
is,uk,6
it,af,5
it,am,1
it,ar,83
it,ary,1
it,arz,2
it,ast,1
it,az,7
it,be,4
it,bg,341
it,bm,3
it,bn,4
it,br,1
it,bs,2
it,ca,795
it,ceb,7
it,co,18
it,cs,139
it,cy,5
it,da,10
it,de,443
it,el,244
it,eml,60
it,en,1114
it,eo,143
it,es,2476
it,et,5
it,eu,54
it,fa,22
it,ff,2
it,fi,17
it,fr,3209
it,fur,3
it,fy,1
it,ga,7
it,gl,263
it,glk,4
it,gsw,1
it,ha,5
it,he,43
it,hi,2
it,hr,21
it,hu,215
it,hy,2
it,ia,12
it,id,19
it,ie,1
it,is,3
it,it,1
it,ja,185
it,ka,5
it,kaa,1
it,kg,1
it,ko,13
it,kw,1
it,la,45
it,lb,2
it,lfn,1
it,lij,37
it,lld,14
it,lmo,40
it,lt,2
it,lv,2
it,mk,30
it,ml,1
it,ms,2
it,mt,6
it,nap,37
it,nb,9
it,nds-nl,1
it,nl,62
it,ny,1
it,oc,7
it,pdc,2
it,pl,63
it,pms,9
it,ps,1
it,pt,363
it,rm,6
it,ro,140
it,roa-tara,1
it,ru,201
it,sc,498
it,scn,7
it,sco,2
it,sgs,1
it,sh,2
it,simple,10
it,sk,3
it,sl,23
it,so,1
it,sq,124
it,sr,16
it,su,1
it,sv,8
it,sw,2
it,ta,1
it,tl,4
it,tr,357
it,ty,1
it,uk,329
it,ur,1
it,uz,5
it,vec,74
it,vi,8
it,vo,1
it,xh,1
it,yi,1
it,zh,28
iu,am,1
iu,ar,5
iu,cr,6
iu,ta,3
iu,xh,1
ja,af,1
ja,alt,1
ja,ar,20
ja,arc,1
ja,ary,2
ja,as,1
ja,az,5
ja,bcl,1
ja,bn,8
ja,bo,3
ja,ca,17
ja,ceb,2
ja,co,2
ja,cr,1
ja,cs,5
ja,de,19
ja,dv,2
ja,el,1
ja,en,890
ja,eo,6
ja,es,169
ja,eu,6
ja,fa,23
ja,fi,3
ja,fj,3
ja,fr,215
ja,ga,1
ja,gd,4
ja,gl,3
ja,hak,7
ja,haw,2
ja,he,4
ja,hi,19
ja,ht,15
ja,hu,6
ja,hy,2
ja,id,49
ja,ie,1
ja,it,78
ja,iu,15
ja,jam,1
ja,ka,1
ja,km,3
ja,ko,897
ja,la,2
ja,ln,2
ja,lo,1
ja,lv,1
ja,lzh,64
ja,mg,1
ja,ml,1
ja,mn,2
ja,ms,14
ja,my,7
ja,nan,3
ja,nb,12
ja,nl,5
ja,nso,1
ja,pl,10
ja,pt,60
ja,ro,13
ja,ru,50
ja,sco,1
ja,shi,1
ja,si,1
ja,simple,7
ja,sl,3
ja,so,1
ja,sq,3
ja,sr,1
ja,ss,1
ja,sv,51
ja,sw,1
ja,ta,8
ja,th,539
ja,tl,4
ja,tr,25
ja,udm,1
ja,ug,1
ja,uk,14
ja,uz,6
ja,vi,58
ja,wuu,43
ja,xh,1
ja,yi,5
ja,yue,54
ja,zh,2167
ja,zu,3
jam,en,1
jv,ar,1
jv,en,1
jv,gl,1
jv,id,13
jv,ja,1
jv,ms,4
jv,nl,1
jv,pt,1
jv,si,1
jv,uk,1
ka,ady,1
ka,ar,3
ka,az,30
ka,ba,75
ka,be,1
ka,bs,7
ka,ce,2
ka,cs,6
ka,de,3
ka,el,2
ka,en,67
ka,eo,1
ka,es,2
ka,eu,2
ka,fa,1
ka,fr,14
ka,gl,1
ka,he,1
ka,hy,2
ka,ig,1
ka,is,1
ka,it,1
ka,ja,188
ka,ku,2
ka,nl,1
ka,pl,6
ka,pt,1
ka,ro,1
ka,ru,42
ka,simple,1
ka,ta,1
ka,tg,1
ka,th,1
ka,tr,67
ka,uk,41
ka,ur,2
ka,xmf,38
ka,zh,1
kaa,am,1
kaa,ht,1
kaa,ru,2
kaa,tr,1
kaa,tt,1
kaa,uz,7
kab,fr,2
kbd,ady,10
kg,es,2
kg,fr,1
kg,ln,1
kg,rw,1
ki,ar,1
ki,fr,1
kk,ar,1
kk,az,5
kk,ba,6
kk,bg,1
kk,bxr,1
kk,ca,3
kk,el,63
kk,en,167
kk,eo,1
kk,fr,1
kk,gl,1
kk,ja,1
kk,kk,1
kk,ky,9
kk,mn,1
kk,mrj,1
kk,ru,273
kk,tg,1
kk,tr,13
kk,tt,15
kk,uk,6
kk,ur,6
kk,uz,530
kk,zh,1
kl,uk,1
km,en,15
km,fr,1
km,or,9
km,th,2
km,vi,1
kn,bn,3
kn,en,16
kn,gu,2
kn,hi,13
kn,mr,1
kn,sa,8
kn,ta,2
kn,tcy,66
kn,te,2
kn,zh,1
ko,ar,14
ko,ary,1
ko,az,22
ko,ba,1
ko,bn,3
ko,bxr,21
ko,ceb,1
ko,cy,1
ko,de,5
ko,el,1
ko,en,729
ko,es,38
ko,fa,3
ko,fr,15
ko,gl,2
ko,got,1
ko,he,3
ko,hi,1
ko,id,35
ko,io,1
ko,it,6
ko,ja,363
ko,km,39
ko,la,1
ko,lo,4
ko,lzh,1
ko,ml,1
ko,mn,4
ko,ms,7
ko,my,21
ko,nb,1
ko,nl,1
ko,pt,17
ko,ro,1
ko,ru,7
ko,simple,6
ko,sr,1
ko,ta,1
ko,tet,1
ko,th,15
ko,tl,4
ko,tr,10
ko,uk,7
ko,ur,3
ko,uz,51
ko,vi,49
ko,vo,1
ko,yue,3
ko,zh,261
krc,gl,1
ks,en,3
ks,fa,2
ku,ar,13
ku,az,3
ku,ca,1
ku,ckb,37
ku,da,1
ku,de,6
ku,diq,2
ku,ee,1
ku,en,8
ku,eo,2
ku,fa,31
ku,fr,2
ku,he,2
ku,ig,9
ku,it,2
ku,pl,8
ku,sd,8
ku,sq,6
ku,sv,1
ku,tk,1
ku,tr,32
ku,ur,1
kv,gl,1
kv,koi,1
kv,uk,1
kw,ang,4
kw,cy,5
kw,de,1
kw,ig,1
kw,so,1
kw,ti,6
ky,ba,1
ky,el,14
ky,en,2
ky,et,1
ky,ja,1
ky,kk,2
ky,mrj,1
ky,ru,27
ky,tg,2
ky,tr,4
ky,tt,1
ky,uz,7
ky,zh,1
la,be,1
la,bg,1
la,ca,1
la,co,1
la,cs,1
la,de,1
la,el,6
la,en,3
la,eo,6
la,es,3
la,eu,1
la,fr,10
la,gl,1
la,hr,2
la,hy,1
la,it,3
la,ja,4
la,ki,1
la,mg,2
la,ms,6
la,nl,7
la,pt,2
la,ro,1
la,sq,4
la,sw,1
la,tr,2
lad,ca,1
lad,eo,1
lad,es,2
lad,gl,2
lad,pt,1
lb,ca,2
lb,cs,14
lb,de,16
lb,el,1
lb,en,7
lb,es,4
lb,fi,1
lb,fr,21
lb,gl,3
lb,it,1
lb,ja,1
lb,la,1
lb,nb,1
lb,simple,1
lb,uk,1
lbe,av,1
lfn,la,1
lg,en,4
li,nl,3
lij,en,1
lij,gl,1
lld,it,1
lld,vi,1
lmo,ca,5
lmo,eml,3
lmo,en,2
lmo,it,13
lmo,pms,1
ln,fr,2
ln,gl,1
ln,it,1
ln,kg,1
ln,la,1
ln,pt,2
ln,sw,2
lo,my,1
lo,ru,1
lo,th,2
lrc,en,1
lt,ar,1
lt,az,1
lt,be,10
lt,bn,1
lt,cs,7
lt,cy,2
lt,de,7
lt,en,95
lt,eo,4
lt,es,10
lt,et,1
lt,eu,2
lt,fr,10
lt,gl,2
lt,hu,2
lt,ja,4
lt,ko,1
lt,lfn,1
lt,lv,23
lt,mg,1
lt,nb,1
lt,pl,6
lt,pt,1
lt,ro,3
lt,ru,62
lt,sgs,650
lt,simple,1
lt,sq,1
lt,tr,7
lt,uk,26
lv,ca,1
lv,cs,38
lv,cy,3
lv,de,2
lv,en,75
lv,eo,2
lv,es,6
lv,et,3
lv,eu,1
lv,fi,2
lv,fr,22
lv,gl,3
lv,he,1
lv,hr,1
lv,hu,1
lv,hy,1
lv,id,1
lv,it,1
lv,ka,2
lv,lt,32
lv,ltg,1
lv,nl,1
lv,pl,5
lv,ru,233
lv,sk,2
lv,tg,1
lv,tr,1
lv,uk,22
lv,zh,3
lzh,yue,4
lzh,zh,23
mad,gl,1
mai,da,1
mai,en,1
mai,gom,1
mai,hi,2
mai,id,1
mai,ne,2
mai,nl,1
mai,rmy,1
mdf,gl,1
mdf,myv,2
mg,af,1
mg,ar,1
mg,da,1
mg,eo,1
mg,es,1
mg,fr,10
mg,hy,1
mg,ja,1
mg,jv,1
mg,ka,1
mg,nl,1
mg,ru,1
mg,simple,1
mg,uk,3
mhr,gl,1
mhr,uk,3
mi,en,1
mi,pl,1
mi,tl,1
min,en,1
min,id,44
min,jv,1
mk,ar,1
mk,be,3
mk,bg,24
mk,bn,1
mk,bs,1
mk,ca,1
mk,cs,1
mk,de,2
mk,el,8
mk,en,47
mk,es,5
mk,fr,2
mk,gl,1
mk,he,41
mk,hr,3
mk,hsb,3
mk,hu,2
mk,it,1
mk,lt,1
mk,mg,2
mk,nb,1
mk,pl,4
mk,ro,10
mk,ru,15
mk,rup,11
mk,sh,1
mk,simple,1
mk,sl,3
mk,sq,39
mk,sr,32
mk,tr,5
mk,uk,215
mk,ur,3
ml,ar,2
ml,en,126
ml,eo,1
ml,es,1
ml,fr,3
ml,gu,1
ml,hi,9
ml,id,1
ml,ja,3
ml,kn,2
ml,ko,1
ml,pa,1
ml,sa,4
ml,simple,1
ml,ta,13
ml,te,2
ml,ur,3
ml,zh,1
mn,be,1
mn,bxr,9
mn,de,2
mn,en,27
mn,es,1
mn,ja,4
mn,kk,1
mn,ky,1
mn,mhr,1
mn,ro,1
mn,ru,6
mn,tyv,1
mn,ug,1
mn,uk,1
mn,zh,1
mni,bn,1
mni,gl,1
mni,hi,1
mni,hif,2
mnw,en,1
mnw,gl,1
mnw,my,10
mr,ang,1
mr,bho,2
mr,bn,6
mr,en,43
mr,gl,1
mr,gu,49
mr,hi,40
mr,kn,3
mr,mi,1
mr,my,1
mr,pa,1
mr,pi,1
mr,sa,5
mr,simple,1
mr,te,1
mr,ur,52
mrj,ru,1
ms,af,2
ms,ak,1
ms,ar,42
ms,az,2
ms,bi,1
ms,bn,1
ms,ceb,12
ms,cs,1
ms,de,1
ms,el,1
ms,en,256
ms,es,16
ms,et,2
ms,fa,1
ms,fi,2
ms,fr,2
ms,gl,4
ms,haw,1
ms,hi,1
ms,hu,3
ms,hy,2
ms,id,175
ms,it,5
ms,ja,10
ms,jv,22
ms,ka,1
ms,ko,6
ms,la,1
ms,lo,6
ms,lt,1
ms,lv,1
ms,mg,74
ms,mi,1
ms,min,1
ms,nl,1
ms,ps,1
ms,pt,4
ms,ru,2
ms,simple,17
ms,so,1
ms,sq,3
ms,su,6
ms,sv,1
ms,ta,1
ms,th,3
ms,tk,1
ms,tl,5
ms,tr,5
ms,uk,1
ms,uz,12
ms,yue,1
ms,zh,33
mt,ar,3
mt,ca,2
mt,en,4
mt,es,1
mt,fr,1
mt,gl,1
mt,pl,1
mt,simple,1
mt,tr,2
mt,uk,7
mt,ur,1
mwl,gl,3
mwl,pt,5
my,en,23
my,es,1
my,fr,1
my,it,1
my,ja,5
my,km,3
my,mnw,30
my,shn,1
my,th,2
myv,gl,1
myv,ro,1
myv,uk,3
mzn,arz,1
mzn,en,2
mzn,fa,14
nah,en,1
nan,trv,1
nan,zh,1
nap,it,10
nap,ro,1
nap,scn,1
nb,af,3
nb,ar,6
nb,az,1
nb,bn,5
nb,ca,12
nb,ceb,4
nb,cs,85
nb,da,253
nb,de,17
nb,el,2
nb,en,293
nb,eo,6
nb,es,40
nb,et,1
nb,eu,3
nb,fa,3
nb,fi,14
nb,fr,345
nb,gl,9
nb,he,3
nb,hi,1
nb,hr,1
nb,hu,2
nb,hy,1
nb,is,1
nb,it,10
nb,ja,3
nb,ko,1
nb,ku,1
nb,lt,2
nb,lv,1
nb,mk,2
nb,mt,1
nb,nan,1
nb,nds-nl,4
nb,nl,10
nb,nn,4304
nb,pl,18
nb,ps,4
nb,pt,5
nb,ro,6
nb,ru,17
nb,se,3
nb,simple,1
nb,sl,2
nb,smn,11
nb,sr,1
nb,sv,174
nb,te,1
nb,tg,1
nb,th,2
nb,tr,7
nb,uk,13
nb,yue,1
nb,zh,1
nds,de,19
nds,en,1
nds,gl,1
nds,nds-nl,1
nds,pdc,1
nds,pfl,1
nds-nl,bar,2
nds-nl,ia,1
nds-nl,nds,2
ne,bn,3
ne,bo,2
ne,dty,16
ne,en,22
ne,fr,1
ne,gl,1
ne,gu,1
ne,hi,13
ne,kn,2
ne,lo,1
ne,mai,16
ne,new,65
ne,pt,1
ne,ru,1
ne,sa,2
ne,sd,1
nl,af,265
nl,ar,36
nl,arz,7
nl,ast,1
nl,az,2
nl,be,18
nl,bg,7
nl,ca,44
nl,cs,85
nl,cy,1
nl,da,122
nl,de,155
nl,diq,2
nl,el,8
nl,en,757
nl,eo,325
nl,es,309
nl,eu,5
nl,fa,34
nl,fi,4
nl,fr,1143
nl,fy,70
nl,ga,2
nl,gl,81
nl,he,9
nl,hi,1
nl,hr,2
nl,hu,9
nl,hy,8
nl,ia,3
nl,id,19
nl,ig,1
nl,it,88
nl,ja,45
nl,jv,4
nl,ka,2
nl,ko,4
nl,ksh,1
nl,ku,1
nl,la,7
nl,lb,1
nl,li,8
nl,lt,1
nl,lv,1
nl,mk,5
nl,ms,1
nl,nb,22
nl,nds,1
nl,nds-nl,16
nl,nn,1
nl,pap,9
nl,pl,6
nl,ps,10
nl,pt,110
nl,ro,31
nl,ru,66
nl,simple,3
nl,sk,1
nl,sq,3
nl,sr,2
nl,srn,2
nl,su,2
nl,sv,14
nl,sw,4
nl,tg,1
nl,th,2
nl,ti,20
nl,tl,2
nl,tr,39
nl,uk,138
nl,ur,2
nl,uz,2
nl,vi,3
nl,vls,6
nl,wa,2
nl,yue,1
nl,zh,20
nn,af,1
nn,cs,1
nn,da,6
nn,en,7
nn,es,1
nn,fa,1
nn,fo,1
nn,fr,6
nn,gl,1
nn,he,1
nn,ko,1
nn,nb,2509
nn,nds-nl,1
nn,nl,1
nn,no,42
nn,ru,2
nn,se,3
nn,sq,1
nn,sv,17
nn,uk,1
no,bg,2
no,ca,1
no,da,43
no,en,16
no,es,2
no,fi,1
no,fr,1
no,hu,1
no,it,1
no,nl,3
no,nn,533
no,simple,2
no,sv,4
no,tr,3
no,uk,1
nov,de,1
nov,gl,1
nqo,ar,1
nqo,en,1
nqo,fr,1
nrm,fr,1
nrm,frp,1
nrm,gl,1
nso,af,2
nso,st,2
nso,tr,1
ny,zh,2
oc,ast,1
oc,ca,46
oc,en,3
oc,eo,1
oc,es,8
oc,eu,1
oc,fr,16
oc,gl,9
oc,ja,1
oc,ku,1
oc,pt,5
olo,gl,1
olo,uk,1
om,am,2
om,de,1
om,en,1
om,gl,1
om,so,2
om,ti,2
or,bn,2
or,en,21
or,eu,1
or,hi,10
or,or,1
or,ru,1
or,sat,13
os,en,1
os,fa,1
os,gl,1
os,uk,1
pa,af,1
pa,bn,1
pa,en,28
pa,fr,2
pa,gu,3
pa,hi,58
pa,mr,1
pa,pnb,8
pa,ta,8
pa,ur,122
pa,zu,1
pag,gl,1
pag,war,1
pam,en,1
pam,vi,1
pap,eo,1
pap,nl,1
pcd,fr,2
pcd,gl,2
pcd,ig,1
pcd,nrm,1
pdc,de,1
pfl,gl,1
pfl,nds,1
pi,hi,1
pi,mai,1
pl,ar,4
pl,arz,4
pl,ast,2
pl,ba,17
pl,be,138
pl,be-tarask,28
pl,bg,15
pl,bn,1
pl,ca,35
pl,ceb,3
pl,crh-latn,1
pl,cs,254
pl,csb,1
pl,cy,2
pl,da,1
pl,de,87
pl,diq,1
pl,el,95
pl,en,419
pl,eo,116
pl,es,173
pl,et,1
pl,eu,2
pl,fa,3
pl,fi,2
pl,fr,218
pl,fy,1
pl,gl,9
pl,ha,5
pl,he,30
pl,hi,1
pl,hr,1
pl,hu,11
pl,hy,11
pl,id,3
pl,it,47
pl,ja,72
pl,ka,5
pl,km,1
pl,ko,3
pl,ku,4
pl,la,5
pl,lt,7
pl,lv,2
pl,mk,61
pl,mn,1
pl,ms,1
pl,nb,3
pl,nl,17
pl,nn,1
pl,no,1
pl,nv,1
pl,pdc,1
pl,pt,45
pl,ro,175
pl,ru,462
pl,sa,1
pl,simple,5
pl,sk,11
pl,sq,15
pl,sr,6
pl,sv,5
pl,szl,12
pl,ta,1
pl,tg,2
pl,tr,87
pl,tt,3
pl,uk,2533
pl,ur,5
pl,uz,3
pl,vi,179
pl,zh,4
pms,gl,1
pms,it,5
pms,lmo,1
pnb,azb,1
pnb,hi,1
pnb,mzn,2
pnb,pa,11
pnb,sd,39
pnb,ur,18
pnt,el,1
pnt,en,1
ps,am,1
ps,ar,1
ps,ary,1
ps,arz,1
ps,bn,1
ps,ceb,1
ps,ckb,1
ps,cy,1
ps,el,1
ps,en,2
ps,eo,1
ps,fa,8
ps,fr,2
ps,gu,1
ps,he,1
ps,hi,2
ps,hy,1
ps,ig,1
ps,it,1
ps,ja,1
ps,ka,1
ps,km,1
ps,ko,1
ps,ml,1
ps,nb,1
ps,ne,1
ps,nl,1
ps,or,1
ps,pa,1
ps,pnb,1
ps,sd,1
ps,shi,1
ps,si,1
ps,simple,1
ps,ta,1
ps,tg,2
ps,ur,56
ps,uz,1
ps,zh,1
pt,af,7
pt,ak,1
pt,am,1
pt,ar,61
pt,arz,1
pt,as,1
pt,ast,13
pt,ay,1
pt,az,3
pt,be,4
pt,bg,4
pt,bm,1
pt,bn,11
pt,br,1
pt,bs,4
pt,ca,1149
pt,ceb,4
pt,ch,1
pt,chy,1
pt,co,4
pt,cr,1
pt,cs,9
pt,cy,7
pt,da,8
pt,de,102
pt,diq,2
pt,dv,3
pt,ee,1
pt,el,11
pt,eml,1
pt,en,1104
pt,eo,84
pt,es,3080
pt,et,4
pt,eu,81
pt,fa,6
pt,fi,7
pt,fj,1
pt,fo,2
pt,fr,1049
pt,fy,4
pt,ga,2
pt,gag,1
pt,gd,1
pt,gl,1280
pt,gn,4
pt,gu,1
pt,gv,2
pt,ha,2
pt,haw,12
pt,he,30
pt,hi,7
pt,hif,1
pt,hr,12
pt,ht,2
pt,hu,5
pt,hy,4
pt,hyw,1
pt,ia,3
pt,id,50
pt,ig,1
pt,io,1
pt,is,1
pt,it,338
pt,ja,85
pt,jbo,1
pt,jv,3
pt,ka,1
pt,kl,1
pt,ko,19
pt,ku,1
pt,la,12
pt,lb,1
pt,lij,1
pt,lmo,1
pt,ln,3
pt,lt,1
pt,ltg,1
pt,lv,4
pt,mg,7
pt,mi,2
pt,min,1
pt,mk,11
pt,ml,3
pt,mn,1
pt,mr,1
pt,ms,2
pt,mt,4
pt,mwl,423
pt,my,2
pt,nap,2
pt,nb,12
pt,ne,1
pt,nl,44
pt,nn,4
pt,nov,2
pt,ny,1
pt,oc,20
pt,om,3
pt,pa,1
pt,pap,1
pt,pdc,2
pt,pih,1
pt,pl,6
pt,pms,1
pt,pnb,1
pt,pt,2
pt,qu,2
pt,rm,1
pt,ro,54
pt,ru,88
pt,rup,1
pt,sc,1
pt,scn,2
pt,sco,1
pt,sh,1
pt,simple,64
pt,sk,3
pt,sl,3
pt,sm,4
pt,sn,1
pt,so,2
pt,sq,15
pt,sr,4
pt,ss,1
pt,st,2
pt,sv,14
pt,sw,1
pt,te,2
pt,tet,2
pt,tg,2
pt,th,3
pt,tn,1
pt,tr,6366
pt,ts,1
pt,ty,1
pt,uk,123
pt,ur,4
pt,uz,4
pt,ve,1
pt,vec,1
pt,vi,45
pt,vls,1
pt,vo,2
pt,war,1
pt,wuu,1
pt,xh,9
pt,yi,2
pt,yo,4
pt,yue,1
pt,zh,16
pt,zu,6
qu,es,9
qu,gl,6
qu,se,1
rm,de,1
rm,gl,2
rm,it,1
rmy,ee,2
rmy,hif,1
ro,af,3
ro,am,1
ro,ar,3
ro,ast,1
ro,az,2
ro,be-tarask,1
ro,bg,11
ro,bs,1
ro,ca,191
ro,ceb,1
ro,cs,5
ro,de,20
ro,el,6
ro,en,259
ro,eo,6
ro,es,104
ro,et,1
ro,eu,3
ro,fi,3
ro,fr,119
ro,gl,7
ro,he,12
ro,hu,47
ro,id,2
ro,it,183
ro,ja,17
ro,jbo,1
ro,la,1
ro,lv,3
ro,mk,2
ro,ml,2
ro,mt,1
ro,myv,1
ro,nb,72
ro,nl,5
ro,or,1
ro,pl,13
ro,pt,15
ro,ru,46
ro,simple,1
ro,sq,8
ro,sr,2
ro,su,1
ro,sv,4
ro,sw,1
ro,th,1
ro,tr,7
ro,uk,161
ro,ur,1
ro,uz,2
ro,zh,4
ru,ab,4
ru,ace,3
ru,af,7
ru,alt,2
ru,am,1
ru,ami,1
ru,ang,1
ru,ar,103
ru,arz,1
ru,av,31
ru,ay,1
ru,az,1504
ru,ba,16577
ru,ban,2
ru,be,5424
ru,be-tarask,20
ru,bg,864
ru,bn,5
ru,bo,1
ru,bs,2
ru,bxr,44
ru,ca,101
ru,ce,76
ru,ceb,35
ru,co,2
ru,cr,1
ru,crh-latn,1
ru,cs,284
ru,cu,4
ru,cv,40
ru,cy,2
ru,da,4
ru,de,84
ru,dz,1
ru,ee,1
ru,el,197
ru,en,1529
ru,eo,103
ru,es,318
ru,et,32
ru,eu,4
ru,fa,37
ru,fi,23
ru,fr,754
ru,frp,1
ru,fy,1
ru,gag,2
ru,gan,1
ru,gl,34
ru,gn,1
ru,gv,1
ru,ha,1
ru,haw,6
ru,he,1962
ru,hi,9
ru,hr,2
ru,hu,38
ru,hy,3084
ru,id,21
ru,inh,10
ru,is,1
ru,it,209
ru,ja,232
ru,jv,1
ru,ka,308
ru,kaa,14
ru,kbd,3
ru,kk,3877
ru,km,1
ru,ko,45
ru,koi,1
ru,krc,11
ru,kw,1
ru,ky,472
ru,la,23
ru,lbe,4
ru,lez,9
ru,lo,146
ru,lt,86
ru,lv,115
ru,mk,424
ru,mn,28
ru,ms,3
ru,mt,1
ru,my,4
ru,myv,199
ru,nah,1
ru,nb,6
ru,nds,2
ru,nl,17
ru,nn,7
ru,nqo,1
ru,ny,1
ru,oc,1
ru,olo,1
ru,os,201
ru,pa,4
ru,pl,135
ru,pt,132
ru,ro,299
ru,rue,3
ru,sah,438
ru,sh,2
ru,si,1
ru,simple,38
ru,sk,26
ru,sl,4
ru,sq,3
ru,sr,163
ru,srn,1
ru,sv,78
ru,sw,1
ru,ta,1
ru,tg,2826
ru,th,7
ru,tk,13
ru,tl,9
ru,tpi,1
ru,tr,174
ru,tt,2844
ru,tyv,410
ru,udm,41
ru,ug,1
ru,uk,41657
ru,ur,33
ru,uz,18321
ru,vi,158
ru,vo,1
ru,xmf,5
ru,yi,1
ru,zh,99
rue,ru,3
rue,sk,1
rue,uk,39
rup,gl,1
rw,fr,20
rw,gl,1
rw,ha,1
sa,en,1
sa,gu,1
sa,hi,3
sa,kn,2
sa,ml,4
sa,new,1
sa,si,1
sa,te,2
sah,ru,4
sah,uk,10
sat,bn,2
sat,en,2
sc,ca,3
sc,en,8
sc,eo,1
sc,es,2
sc,gl,1
sc,it,15
sc,ro,1
scn,it,4
scn,nap,1
sco,cs,2
sco,en,9
sco,eo,4
sco,es,2
sco,fr,1
sco,fy,1
sco,gd,1
sco,gl,1
sco,it,1
sco,ja,2
sco,simple,3
sd,en,2
sd,fa,4
sd,gu,1
sd,hi,1
sd,ku,1
sd,pnb,1
sd,skr,1
sd,ur,28
se,en,1
se,gl,1
se,nb,1
se,nn,1
se,smn,7
sg,fr,1
sgs,fi,1
sgs,lt,1
sgs,lv,1
sgs,vi,1
sh,az,1
sh,bs,40
sh,ceb,8
sh,cs,1
sh,de,1
sh,el,1
sh,en,26
sh,es,3
sh,eu,3
sh,fr,2
sh,gl,1
sh,he,1
sh,hr,39
sh,it,5
sh,mk,19
sh,pl,3
sh,pt,2
sh,ro,1
sh,ru,3
sh,simple,1
sh,sl,2
sh,sq,27
sh,sr,145
sh,tr,1
sh,uk,3
shn,gl,1
si,ar,1
si,en,14
si,fr,1
si,hi,4
si,ja,1
si,new,1
si,ta,1
si,ur,1
si,zh,1
simple,af,25
simple,am,10
simple,ar,46
simple,ary,17
simple,arz,3
simple,as,1
simple,ast,2
simple,ay,1
simple,az,4
simple,ba,22
simple,bar,5
simple,be,2
simple,bg,3
simple,bho,3
simple,bn,24
simple,bo,1
simple,bs,1
simple,ca,25
simple,ceb,3
simple,ch,1
simple,ckb,65
simple,co,1
simple,cs,15
simple,cy,16
simple,da,10
simple,de,8
simple,dty,1
simple,dv,4
simple,el,13
simple,eml,1
simple,en,172
simple,eo,116
simple,es,605
simple,et,2
simple,eu,31
simple,fa,26
simple,ff,1
simple,fi,10
simple,fr,35
simple,fy,3
simple,ga,3
simple,gd,1
simple,gl,130
simple,gu,81
simple,guw,1
simple,ha,546
simple,he,6
simple,hi,46
simple,hif,4
simple,hr,6
simple,ht,2
simple,hu,3
simple,hy,2
simple,ia,3
simple,id,31
simple,ie,4
simple,ig,2
simple,io,1
simple,is,2
simple,it,21
simple,iu,1
simple,ja,42
simple,jv,19
simple,ka,9
simple,kg,1
simple,km,7
simple,kn,2
simple,ko,6
simple,ku,24
simple,kw,140
simple,la,2
simple,lad,1
simple,lfn,1
simple,lmo,2
simple,ln,1
simple,lo,1
simple,lt,19
simple,lv,1
simple,lzh,3
simple,mai,1
simple,mg,3
simple,mi,1
simple,mk,4
simple,ml,3
simple,mn,1
simple,mni,2
simple,mr,9
simple,ms,15
simple,mt,2
simple,my,27
simple,nan,1
simple,nap,11
simple,nb,22
simple,nds,1
simple,ne,2
simple,new,1
simple,nl,22
simple,nn,1
simple,nso,6
simple,ny,2
simple,om,19
simple,or,2
simple,os,10
simple,pa,69
simple,pap,2
simple,pcd,1
simple,pdc,1
simple,pih,1
simple,pl,14
simple,pms,2
simple,ps,5
simple,pt,81
simple,ro,15
simple,ru,22
simple,sa,2
simple,sah,15
simple,sat,2
simple,sco,11
simple,sd,7
simple,shi,4
simple,si,7
simple,sk,1
simple,sl,1
simple,so,1
simple,sq,20
simple,sr,9
simple,st,5
simple,sv,4
simple,sw,367
simple,ta,13
simple,te,1
simple,tet,1
simple,tg,3
simple,th,19
simple,tl,8
simple,tn,2
simple,tr,135
simple,ts,1
simple,tt,3
simple,ug,1
simple,uk,42
simple,ur,12
simple,uz,37
simple,vec,1
simple,vi,39
simple,wuu,2
simple,xh,149
simple,yi,98
simple,yo,9
simple,yue,1
simple,zh,14
simple,zu,5
sk,az,15
sk,bg,4
sk,ca,1
sk,cs,1388
sk,de,7
sk,el,2
sk,en,145
sk,eo,41
sk,es,6
sk,fr,8
sk,gl,1
sk,hu,24
sk,it,1
sk,ja,1
sk,mk,2
sk,oc,2
sk,pl,13
sk,pt,1
sk,ro,3
sk,ru,268
sk,rue,2
sk,simple,1
sk,sl,5
sk,sq,2
sk,sr,1
sk,sv,1
sk,tr,2
sk,tt,1
sk,uk,55
skr,gl,1
sl,ar,3
sl,bg,1
sl,bs,17
sl,ca,16
sl,cs,13
sl,de,11
sl,en,74
sl,eo,1
sl,es,10
sl,fr,22
sl,gl,2
sl,he,2
sl,hr,22
sl,hu,1
sl,it,14
sl,ja,5
sl,lt,1
sl,mg,8
sl,mk,46
sl,ml,1
sl,nl,4
sl,pl,2
sl,pt,3
sl,ro,42
sl,ru,13
sl,sh,1
sl,sk,3
sl,sq,13
sl,sr,14
sl,sv,1
sl,tr,3
sl,uk,8
sm,es,1
sm,it,1
sm,ti,7
sm,to,1
sm,uk,1
smn,en,4
smn,fi,7
smn,gl,1
smn,nb,1
sn,en,3
so,ar,5
so,en,6
so,gl,1
so,hi,2
so,om,3
so,ti,1
so,tr,5
sq,af,1
sq,ar,5
sq,az,1
sq,be,1
sq,bg,3
sq,bs,21
sq,cs,17
sq,de,17
sq,el,14
sq,en,83
sq,eo,6
sq,es,5
sq,fo,1
sq,fr,10
sq,gl,3
sq,he,2
sq,hr,1
sq,hu,2
sq,it,18
sq,ku,1
sq,la,3
sq,lt,1
sq,mg,1
sq,mk,4
sq,mn,1
sq,ms,1
sq,nl,1
sq,nn,1
sq,ro,3
sq,ru,6
sq,sco,4
sq,sh,4
sq,so,1
sq,sr,1
sq,sv,5
sq,tg,1
sq,tr,9
sq,uk,8
sq,ur,2
sr,ar,2
sr,az,1
sr,be,4
sr,bg,9
sr,bs,38
sr,ca,6
sr,cs,43
sr,de,11
sr,el,29
sr,en,123
sr,eo,1
sr,es,14
sr,eu,3
sr,fr,22
sr,gl,3
sr,he,5
sr,hr,63
sr,hu,4
sr,hy,6
sr,it,5
sr,ja,2
sr,lt,1
sr,mk,2440
sr,nl,2
sr,pl,9
sr,pt,6
sr,ro,23
sr,ru,100
sr,rup,1
sr,sh,54
sr,simple,1
sr,sk,4
sr,sl,19
sr,sq,47
sr,sr,2
sr,ta,1
sr,tr,3
sr,uk,64
sr,ur,2
sr,vi,11
sr,zh,7
ss,es,2
st,ar,1
st,bn,1
st,sw,1
su,en,2
su,gl,1
su,id,4
su,it,1
su,ja,1
su,pt,1
su,uk,1
sv,af,2
sv,ar,35
sv,arz,2
sv,az,2
sv,ba,1
sv,be,20
sv,bg,2
sv,bn,1
sv,ca,52
sv,ceb,57
sv,ckb,9
sv,cs,62
sv,cy,1
sv,da,457
sv,de,42
sv,el,9
sv,en,379
sv,eo,76
sv,es,183
sv,et,4
sv,eu,36
sv,fa,15
sv,fi,297
sv,fo,5
sv,fr,170
sv,gl,40
sv,gor,1
sv,he,11
sv,hr,1
sv,hu,6
sv,id,36
sv,io,3
sv,is,10
sv,it,42
sv,ja,31
sv,jv,3
sv,ka,1
sv,ko,1
sv,ku,1
sv,kv,1
sv,ky,1
sv,lad,1
sv,lo,18
sv,lt,19
sv,lv,1
sv,mg,1
sv,mk,13
sv,ml,3
sv,mn,2
sv,nah,1
sv,nb,1158
sv,nds-nl,4
sv,nl,56
sv,nn,334
sv,no,4
sv,pdc,1
sv,pl,11
sv,pt,57
sv,ro,23
sv,ru,83
sv,rue,2
sv,se,4
sv,simple,3
sv,sk,2
sv,sl,1
sv,smn,5
sv,sq,13
sv,sr,13
sv,th,140
sv,ti,1
sv,tl,5
sv,tr,224
sv,uk,115
sv,vi,4
sv,yue,1
sv,zh,10
sw,ast,1
sw,bg,1
sw,de,2
sw,en,8
sw,eo,1
sw,es,1
sw,fr,4
sw,it,1
sw,lg,4
sw,ln,1
sw,nb,1
sw,ny,1
sw,simple,2
sw,sv,1
sw,tr,2
sw,uk,6
sw,vi,1
szl,en,1
szl,pl,2
szl,uk,2
szy,gl,1
ta,ar,11
ta,as,2
ta,bn,2
ta,de,2
ta,dv,1
ta,en,58
ta,eo,2
ta,es,2
ta,fr,4
ta,gu,5
ta,hi,19
ta,iu,1
ta,ja,13
ta,kn,4
ta,ko,10
ta,ml,46
ta,mr,2
ta,ms,1
ta,my,1
ta,ne,1
ta,or,1
ta,pt,1
ta,sa,1
ta,si,8
ta,simple,1
ta,te,6
ta,ty,1
ta,zh,2
tcy,gl,1
tcy,kn,1
te,bn,2
te,en,46
te,eo,1
te,hi,9
te,ja,2
te,kn,16
te,mai,1
te,mr,1
te,ru,1
te,sa,1
te,si,1
te,ta,2
tg,ab,1
tg,alt,2
tg,ami,1
tg,ar,1
tg,ast,1
tg,av,1
tg,ba,1
tg,be,1
tg,bn,1
tg,bs,1
tg,ca,1
tg,ceb,1
tg,cs,1
tg,en,2
tg,es,5
tg,fa,36
tg,gl,2
tg,gsw,1
tg,he,1
tg,hi,2
tg,hy,3
tg,ky,20
tg,mg,1
tg,ps,1
tg,ru,141
tg,simple,1
tg,sk,1
tg,sl,1
tg,sm,1
tg,sr,2
tg,tt,1
tg,uk,11
tg,ur,20
tg,uz,300
th,ab,1
th,ace,5
th,ak,1
th,am,2
th,an,1
th,ang,2
th,ar,2
th,ast,2
th,ay,2
th,az,1
th,bi,18
th,bn,1
th,cbk-zam,1
th,cdo,1
th,ceb,139
th,crh-latn,1
th,da,1
th,dsb,3
th,dz,2
th,eml,1
th,en,187
th,eo,1
th,es,7
th,et,1
th,fr,12
th,frp,4
th,frr,2
th,fur,3
th,gd,1
th,gn,3
th,hif,2
th,hsb,1
th,ht,1
th,id,5
th,ie,3
th,ig,2
th,io,1
th,ja,67
th,jv,18
th,kaa,2
th,kab,1
th,km,38
th,ko,6
th,lij,2
th,lmo,2
th,lo,551
th,lt,1
th,ltg,2
th,lv,1
th,mg,13
th,mi,3
th,mnw,28
th,ms,2
th,mt,2
th,mwl,2
th,my,12
th,na,2
th,nah,2
th,nan,1
th,nov,1
th,nso,1
th,oc,1
th,olo,2
th,pag,2
th,pih,4
th,pms,2
th,pt,1
th,rm,1
th,ru,1
th,rw,2
th,sc,1
th,scn,1
th,sco,2
th,se,1
th,shn,4
th,simple,1
th,so,1
th,stq,1
th,tet,9
th,tl,41
th,tpi,5
th,tw,1
th,ty,3
th,ug,1
th,uz,1
th,vi,4
th,vo,1
th,vro,1
th,war,18
th,xh,1
th,yo,1
th,yue,1
th,zh,11
th,zu,4
ti,gl,1
ti,nl,1
ti,so,1
tk,az,2
tk,azb,2
tk,en,3
tk,fr,2
tk,ja,1
tk,ru,3
tk,tr,14
tk,uk,1
tk,ur,3
tk,uz,2
tl,ar,2
tl,ast,1
tl,bcl,169
tl,ca,1
tl,ceb,186
tl,en,27
tl,es,6
tl,fr,1
tl,gl,1
tl,hu,1
tl,id,2
tl,ja,1
tl,lo,1
tl,ms,2
tl,pag,2
tl,ru,2
tl,simple,2
tl,vi,1
tl,war,26
tl,zh,1
tn,en,15
to,fr,1
to,gl,1
to,uk,1
tpi,gl,1
tpi,sm,1
tr,ady,5
tr,af,1
tr,ang,1
tr,ar,214
tr,ary,2
tr,arz,1
tr,az,738
tr,azb,124
tr,ba,49
tr,bg,36
tr,bn,19
tr,bs,4
tr,bxr,1
tr,ca,31
tr,ckb,6
tr,crh-latn,5
tr,cs,6
tr,da,5
tr,de,78
tr,diq,505
tr,el,29
tr,en,571
tr,eo,17
tr,es,92
tr,fa,97
tr,fi,2
tr,fr,132
tr,gag,10
tr,gl,5
tr,glk,1
tr,gsw,1
tr,haw,1
tr,he,9
tr,hi,2
tr,hu,10
tr,hy,4
tr,hyw,2
tr,ia,1
tr,id,124
tr,inh,1
tr,it,35
tr,ja,23
tr,jv,2
tr,ka,30
tr,kbd,4
tr,kk,17
tr,kn,1
tr,ko,3
tr,ku,186
tr,ky,8
tr,lt,3
tr,lv,1
tr,mdf,2
tr,mg,10
tr,mk,11
tr,mn,3
tr,ms,3
tr,nb,2
tr,nl,14
tr,ny,3
tr,pdc,2
tr,pl,6
tr,pnb,1
tr,ps,2
tr,pt,39
tr,rm,1
tr,rmy,1
tr,ro,18
tr,ru,100
tr,sco,1
tr,simple,11
tr,sk,1
tr,so,6
tr,sq,10
tr,sr,6
tr,sv,16
tr,sw,1
tr,ta,1
tr,tg,2
tr,th,1
tr,tk,42
tr,tr,2
tr,tt,14
tr,ug,7
tr,uk,152
tr,ur,7
tr,uz,3091
tr,vi,3
tr,xh,1
tr,yi,1
tr,zh,3
ts,af,1
ts,cy,1
ts,en,1
ts,et,1
ts,gl,1
ts,hi,1
ts,ro,1
ts,zu,1
tt,av,1
tt,ba,338
tt,bg,1
tt,br,1
tt,cv,2
tt,en,2
tt,eo,1
tt,es,1
tt,fr,1
tt,fy,1
tt,gl,2
tt,ky,1
tt,ro,1
tt,ru,30
tt,tg,1
tt,tr,3
tt,uk,8
tt,ur,18
tt,zh,1
tw,es,1
tw,id,1
ty,az,1
ty,ca,1
ty,haw,1
ty,ie,1
ty,zh,1
tyv,gl,1
tyv,ky,1
udm,el,1
udm,gl,1
udm,smn,1
ug,en,1
ug,gl,1
ug,tr,1
uk,ab,1
uk,ady,1
uk,af,2
uk,an,1
uk,ar,23
uk,arz,3
uk,az,21
uk,ba,29
uk,be,1686
uk,be-tarask,10
uk,bg,16
uk,bs,1
uk,bxr,1
uk,ca,15
uk,ceb,3
uk,co,2
uk,crh-latn,310
uk,cs,63
uk,cv,2
uk,da,1
uk,de,56
uk,el,13
uk,en,463
uk,eo,6
uk,es,72
uk,et,4
uk,eu,1
uk,fa,4
uk,fi,7
uk,fr,58
uk,ga,1
uk,gd,1
uk,gl,5
uk,he,26
uk,hi,2
uk,hr,3
uk,hu,8
uk,hy,17
uk,ia,1
uk,ig,1
uk,is,2
uk,it,44
uk,ja,11
uk,ka,15
uk,kk,2
uk,km,1
uk,ko,1
uk,ky,2
uk,la,3
uk,lt,3
uk,lv,3
uk,mk,78
uk,mt,1
uk,myv,2
uk,nb,2
uk,new,1
uk,nl,8
uk,pdc,1
uk,pl,62
uk,pt,13
uk,ro,66
uk,ru,7354
uk,rue,9
uk,sah,2
uk,sh,1
uk,simple,16
uk,sk,5
uk,sl,4
uk,sq,4
uk,sr,36
uk,sv,7
uk,tg,187
uk,th,2
uk,tk,1
uk,tr,27
uk,tt,7
uk,ur,2
uk,uz,21
uk,vi,4
uk,war,1
uk,yi,3
uk,zh,19
uk,zu,1
ur,af,1
ur,ar,19
ur,ary,1
ur,arz,2
ur,az,1
ur,bn,75
ur,ca,1
ur,cs,1
ur,da,1
ur,en,91
ur,es,3
ur,fa,17
ur,fr,1
ur,gu,2
ur,he,1
ur,hi,30
ur,it,1
ur,ja,1
ur,ko,1
ur,ks,63
ur,mni,1
ur,ms,2
ur,my,1
ur,ne,1
ur,pa,28
ur,pnb,109
ur,ps,703
ur,ro,1
ur,sd,786
ur,simple,2
ur,skr,333
ur,ta,1
ur,te,1
ur,tr,4
ur,ug,1
ur,uk,1
ur,uz,4
ur,zh,1
uz,ab,2
uz,ace,1
uz,ady,1
uz,am,1
uz,an,1
uz,ar,2
uz,arz,1
uz,az,13
uz,azb,1
uz,be,14
uz,ceb,1
uz,el,1
uz,en,28
uz,eo,2
uz,es,1
uz,et,2
uz,fr,2
uz,ja,1
uz,ka,1
uz,kaa,208
uz,kk,1
uz,ky,6
uz,mn,1
uz,ms,1
uz,nb,1
uz,ny,1
uz,olo,1
uz,pt,2
uz,rmy,1
uz,ru,107
uz,sk,1
uz,tg,4
uz,tk,1
uz,tr,28
uz,tt,3
uz,ug,2
uz,uk,1
uz,ur,5
uz,zh,1
vec,en,1
vec,it,6
vec,la,1
vec,sc,1
vep,gl,1
vi,ar,3
vi,arz,2
vi,az,1
vi,be,6
vi,bn,1
vi,bo,1
vi,ca,2
vi,cdo,2
vi,ceb,24
vi,cs,8
vi,de,1
vi,el,3
vi,en,122
vi,eo,1
vi,es,12
vi,fi,1
vi,fo,2
vi,fr,34
vi,gan,1
vi,gl,40
vi,glk,1
vi,hak,1
vi,hr,1
vi,hsb,1
vi,hu,1
vi,id,55
vi,it,1
vi,iu,4
vi,ja,29
vi,jv,1
vi,km,3
vi,ko,16
vi,la,1
vi,lrc,1
vi,ml,4
vi,nan,2
vi,ne,1
vi,nl,1
vi,om,4
vi,ro,2
vi,ru,47
vi,simple,9
vi,so,1
vi,th,8
vi,tr,70
vi,tw,1
vi,uk,1
vi,uz,41
vi,vi,1
vi,vo,1
vi,wo,1
vi,wuu,1
vi,yue,14
vi,zh,38
vls,nl,3
vls,wa,2
vo,gn,1
vo,mg,6
vo,ty,1
vro,gl,1
vro,ja,1
wa,fr,4
wa,gl,6
wa,ko,1
wa,nl,2
wa,pcd,1
war,ar,1
war,ceb,8
war,en,3
war,fr,2
war,gl,4
war,id,1
war,lo,4
war,ml,1
war,ne,2
war,tr,1
war,ug,1
war,vi,20
wuu,fr,1
wuu,lzh,1
wuu,ru,1
wuu,yue,36
wuu,zh,35
xh,en,1
xh,fr,1
xh,simple,1
xh,st,1
xh,zu,1
xmf,en,2
xmf,ka,7
yi,bar,4
yi,cs,1
yi,en,2
yi,he,18
yi,tr,1
yi,ur,1
yo,en,2
yo,fa,1
yo,fr,2
yo,ha,3
yo,ig,2
yo,ro,1
yo,simple,1
yo,sv,1
yue,en,10
yue,es,1
yue,fr,1
yue,ja,5
yue,lzh,1
yue,nan,1
yue,trv,1
yue,wuu,20
yue,za,1
yue,zh,330
zea,ig,1
zea,nl,2
zea,so,1
zh,ab,1
zh,ace,2
zh,af,1
zh,am,2
zh,ar,20
zh,ast,1
zh,az,7
zh,ba,1
zh,be,2
zh,bi,1
zh,bn,6
zh,bo,1
zh,ca,52
zh,cbk-zam,1
zh,cdo,7
zh,ceb,336
zh,chy,1
zh,ckb,1
zh,co,2
zh,crh-latn,1
zh,cs,6
zh,da,1
zh,de,24
zh,diq,1
zh,el,4
zh,en,917
zh,eo,10
zh,es,70
zh,eu,1
zh,fa,4
zh,fi,6
zh,fj,3
zh,fr,108
zh,frp,2
zh,frr,1
zh,gan,2
zh,gl,6
zh,gn,4
zh,got,1
zh,gsw,1
zh,hak,1054
zh,he,9
zh,hi,1
zh,ht,2
zh,hu,1
zh,hy,1
zh,id,15
zh,io,1
zh,it,14
zh,iu,1
zh,ja,871
zh,jbo,1
zh,kab,2
zh,kl,1
zh,km,2
zh,ko,128
zh,ky,6
zh,la,1
zh,lo,35
zh,lv,1
zh,lzh,160
zh,mi,1
zh,min,2
zh,mk,168
zh,mn,1
zh,ms,20
zh,my,3
zh,na,1
zh,nan,277
zh,nb,3
zh,nds-nl,1
zh,nl,7
zh,nov,3
zh,om,1
zh,pap,1
zh,pl,1
zh,pms,1
zh,pt,24
zh,ro,2
zh,ru,40
zh,sc,2
zh,scn,1
zh,sco,1
zh,se,1
zh,simple,22
zh,so,11
zh,sq,1
zh,sr,2
zh,srn,1
zh,stq,1
zh,sv,6
zh,ta,1
zh,tg,1
zh,th,103
zh,tl,55
zh,tpi,52
zh,tr,3
zh,trv,4
zh,ug,1
zh,uk,34
zh,ur,1
zh,uz,70
zh,vep,1
zh,vi,442
zh,vo,1
zh,war,25
zh,wuu,605
zh,xal,26
zh,yo,1
zh,yue,800
zh,zh,28
zh,zh-min-nan,1
zh,zh-tw,8
zh-yue,en,1
zh-yue,wuu,2
zh-yue,zh,2
zu,az,1
zu,bg,1
zu,co,1
zu,en,2
zu,fr,1
zu,gd,1
zu,haw,1
zu,hr,1
zu,sn,1
zu,ss,1
zu,tw,1
zu,xh,2
